Image,Config,Format,Resolution,Mode,Network,Size_KB,Compress_ms,Network_ms,Decompress_ms,Total_ms,PSNR,SSIM,Peak_RAM_KB,CPU_Percent
4k.jpg,480p_jpg_fast,jpg,480,fast,Broadband_WiFi,32.7666015625,8.366600000044855,15.119781494140625,6.007599999975355,29.49398149416083,21.59026146420951,0.7135671116304801,900.140625,0.0
4k.jpg,480p_jpg_fast,jpg,480,fast,4G_Mobile,32.7666015625,8.366600000044855,75.59890747070314,6.007599999975355,89.97310747072335,21.59026146420951,0.7135671116304801,900.140625,0.0
4k.jpg,480p_jpg_fast,jpg,480,fast,IoT_Narrowband,32.7666015625,8.366600000044855,711.9781494140625,6.007599999975355,726.3523494140827,21.59026146420951,0.7135671116304801,900.140625,0.0
4k.jpg,480p_jpg_high,jpg,480,high,Broadband_WiFi,212.7646484375,5.819099999825994,43.244476318359375,8.546400000341237,57.609976318526606,33.708045316463796,0.9756391057228867,900.09375,0.0
4k.jpg,480p_jpg_high,jpg,480,high,4G_Mobile,212.7646484375,5.819099999825994,216.22238159179685,8.546400000341237,230.58788159196408,33.708045316463796,0.9756391057228867,900.09375,0.0
4k.jpg,480p_jpg_high,jpg,480,high,IoT_Narrowband,212.7646484375,5.819099999825994,3524.4476318359375,8.546400000341237,3538.8131318361047,33.708045316463796,0.9756391057228867,900.09375,0.0
4k.jpg,480p_webp_fast,webp,480,fast,Broadband_WiFi,68.19921875,103.49710000082268,20.6561279296875,15.699100000347244,139.85232793085746,28.415326375815706,0.9223231533045722,900.09375,57.3
4k.jpg,480p_webp_fast,webp,480,fast,4G_Mobile,68.19921875,103.49710000082268,103.2806396484375,15.699100000347244,222.47683964960743,28.415326375815706,0.9223231533045722,900.09375,57.3
4k.jpg,480p_webp_fast,webp,480,fast,IoT_Narrowband,68.19921875,103.49710000082268,1265.61279296875,15.699100000347244,1384.80899296992,28.415326375815706,0.9223231533045722,900.09375,57.3
4k.jpg,480p_webp_high,webp,480,high,Broadband_WiFi,154.861328125,166.28020000007382,34.19708251953125,28.17570000024716,228.65298251985223,33.59826953873325,0.9762702260942632,900.09375,99.9
4k.jpg,480p_webp_high,webp,480,high,4G_Mobile,154.861328125,166.28020000007382,170.98541259765625,28.17570000024716,365.44131259797723,33.59826953873325,0.9762702260942632,900.09375,99.9
4k.jpg,480p_webp_high,webp,480,high,IoT_Narrowband,154.861328125,166.28020000007382,2619.708251953125,28.17570000024716,2814.164151953446,33.59826953873325,0.9762702260942632,900.09375,99.9
4k.jpg,720p_jpg_fast,jpg,720,fast,Broadband_WiFi,90.314453125,11.171600000125181,24.11163330078125,10.24870000037481,45.53193330128125,22.2487488517358,0.7251953592034633,2700.09375,104.2
4k.jpg,720p_jpg_fast,jpg,720,fast,4G_Mobile,90.314453125,11.171600000125181,120.55816650390626,10.24870000037481,141.97846650440627,22.2487488517358,0.7251953592034633,2700.09375,104.2
4k.jpg,720p_jpg_fast,jpg,720,fast,IoT_Narrowband,90.314453125,11.171600000125181,1611.163330078125,10.24870000037481,1632.583630078625,22.2487488517358,0.7251953592034633,2700.09375,104.2
4k.jpg,720p_jpg_high,jpg,720,high,Broadband_WiFi,607.021484375,21.505099999558297,104.84710693359374,28.18950000073528,154.5417069338873,35.123080212240694,0.9777914036219485,2700.09375,195.3
4k.jpg,720p_jpg_high,jpg,720,high,4G_Mobile,607.021484375,21.505099999558297,524.2355346679688,28.18950000073528,573.9301346682623,35.123080212240694,0.9777914036219485,2700.09375,195.3
4k.jpg,720p_jpg_high,jpg,720,high,IoT_Narrowband,607.021484375,21.505099999558297,9684.710693359375,28.18950000073528,9734.405293359669,35.123080212240694,0.9777914036219485,2700.09375,195.3
4k.jpg,720p_webp_fast,webp,720,fast,Broadband_WiFi,185.28515625,360.6108999993012,38.9508056640625,38.259199999629345,437.820905662993,28.766542792689222,0.9181266030855094,2700.09375,74.0
4k.jpg,720p_webp_fast,webp,720,fast,4G_Mobile,185.28515625,360.6108999993012,194.75402832031253,38.259199999629345,593.624128319243,28.766542792689222,0.9181266030855094,2700.09375,74.0
4k.jpg,720p_webp_fast,webp,720,fast,IoT_Narrowband,185.28515625,360.6108999993012,3095.08056640625,38.259199999629345,3493.9506664051805,28.766542792689222,0.9181266030855094,2700.09375,74.0
4k.jpg,720p_webp_high,webp,720,high,Broadband_WiFi,431.576171875,341.58879999995406,77.43377685546875,67.81150000006164,486.83407685548445,34.89641036456854,0.9781734813501638,2700.09375,99.9
4k.jpg,720p_webp_high,webp,720,high,4G_Mobile,431.576171875,341.58879999995406,387.16888427734375,67.81150000006164,796.5691842773595,34.89641036456854,0.9781734813501638,2700.09375,99.9
4k.jpg,720p_webp_high,webp,720,high,IoT_Narrowband,431.576171875,341.58879999995406,6943.377685546875,67.81150000006164,7352.777985546891,34.89641036456854,0.9781734813501638,2700.09375,99.9
4k.jpg,1080p_jpg_fast,jpg,1080,fast,Broadband_WiFi,192.8857421875,25.235300000531424,40.138397216796875,28.27309999975114,93.64679721707944,23.035181609868197,0.7465765657391578,6075.09375,100.8
4k.jpg,1080p_jpg_fast,jpg,1080,fast,4G_Mobile,192.8857421875,25.235300000531424,200.69198608398438,28.27309999975114,254.20038608426694,23.035181609868197,0.7465765657391578,6075.09375,100.8
4k.jpg,1080p_jpg_fast,jpg,1080,fast,IoT_Narrowband,192.8857421875,25.235300000531424,3213.8397216796875,28.27309999975114,3267.34812167997,23.035181609868197,0.7465765657391578,6075.09375,100.8
4k.jpg,1080p_jpg_high,jpg,1080,high,Broadband_WiFi,1307.064453125,52.24209999960294,214.22882080078125,56.02840000028664,322.49932080067083,36.61586805501618,0.9801794330530963,6075.09375,99.7
4k.jpg,1080p_jpg_high,jpg,1080,high,4G_Mobile,1307.064453125,52.24209999960294,1071.1441040039062,56.02840000028664,1179.4146040037958,36.61586805501618,0.9801794330530963,6075.09375,99.7
4k.jpg,1080p_jpg_high,jpg,1080,high,IoT_Narrowband,1307.064453125,52.24209999960294,20622.882080078125,56.02840000028664,20731.152580078015,36.61586805501618,0.9801794330530963,6075.09375,99.7
4k.jpg,1080p_webp_fast,webp,1080,fast,Broadband_WiFi,380.828125,573.7188000002789,69.50439453125,77.61000000027707,720.8331945318059,29.15537408921573,0.9155985507726737,6075.09375,97.3
4k.jpg,1080p_webp_fast,webp,1080,fast,4G_Mobile,380.828125,573.7188000002789,347.52197265625,77.61000000027707,998.8507726568059,29.15537408921573,0.9155985507726737,6075.09375,97.3
4k.jpg,1080p_webp_fast,webp,1080,fast,IoT_Narrowband,380.828125,573.7188000002789,6150.439453125,77.61000000027707,6801.768253125556,29.15537408921573,0.9155985507726737,6075.09375,97.3
4k.jpg,1080p_webp_high,webp,1080,high,Broadband_WiFi,925.822265625,682.7121999995143,154.65972900390625,135.54740000017773,972.9193290035982,36.30757631340928,0.9803680740121289,6075.09375,97.7
4k.jpg,1080p_webp_high,webp,1080,high,4G_Mobile,925.822265625,682.7121999995143,773.2986450195312,135.54740000017773,1591.5582450192232,36.30757631340928,0.9803680740121289,6075.09375,97.7
4k.jpg,1080p_webp_high,webp,1080,high,IoT_Narrowband,925.822265625,682.7121999995143,14665.972900390625,135.54740000017773,15484.232500390317,36.30757631340928,0.9803680740121289,6075.09375,97.7
booktext.jpg,480p_jpg_fast,jpg,480,fast,Broadband_WiFi,15.642578125,3.315199999633478,12.44415283203125,3.3795999997892068,19.138952831453935,30.07841743043343,0.8893908123495192,900.09375,0.0
booktext.jpg,480p_jpg_fast,jpg,480,fast,4G_Mobile,15.642578125,3.315199999633478,62.22076416015626,3.3795999997892068,68.91556415957895,30.07841743043343,0.8893908123495192,900.09375,0.0
booktext.jpg,480p_jpg_fast,jpg,480,fast,IoT_Narrowband,15.642578125,3.315199999633478,444.415283203125,3.3795999997892068,451.1100832025477,30.07841743043343,0.8893908123495192,900.09375,0.0
booktext.jpg,480p_jpg_high,jpg,480,high,Broadband_WiFi,92.6376953125,4.110800000489689,24.474639892578125,4.999400000087917,33.58483989315574,41.49121505810227,0.9840910281512194,900.09375,0.0
booktext.jpg,480p_jpg_high,jpg,480,high,4G_Mobile,92.6376953125,4.110800000489689,122.37319946289062,4.999400000087917,131.48339946346823,41.49121505810227,0.9840910281512194,900.09375,0.0
booktext.jpg,480p_jpg_high,jpg,480,high,IoT_Narrowband,92.6376953125,4.110800000489689,1647.4639892578125,4.999400000087917,1656.57418925839,41.49121505810227,0.9840910281512194,900.09375,0.0
booktext.jpg,480p_webp_fast,webp,480,fast,Broadband_WiFi,16.42578125,48.92389999986335,12.5665283203125,4.842399999688496,66.33282831986433,34.28264879862209,0.9461967467999125,900.09375,99.7
booktext.jpg,480p_webp_fast,webp,480,fast,4G_Mobile,16.42578125,48.92389999986335,62.8326416015625,4.842399999688496,116.59894160111435,34.28264879862209,0.9461967467999125,900.09375,99.7
booktext.jpg,480p_webp_fast,webp,480,fast,IoT_Narrowband,16.42578125,48.92389999986335,456.65283203125,4.842399999688496,510.4191320308018,34.28264879862209,0.9461967467999125,900.09375,99.7
booktext.jpg,480p_webp_high,webp,480,high,Broadband_WiFi,44.62890625,110.54870000043593,16.973266601562504,13.70740000038495,141.22936660238338,40.59873209685283,0.9796430848860901,900.09375,71.7
booktext.jpg,480p_webp_high,webp,480,high,4G_Mobile,44.62890625,110.54870000043593,84.8663330078125,13.70740000038495,209.12243300863338,40.59873209685283,0.9796430848860901,900.09375,71.7
booktext.jpg,480p_webp_high,webp,480,high,IoT_Narrowband,44.62890625,110.54870000043593,897.32666015625,13.70740000038495,1021.5827601570709,40.59873209685283,0.9796430848860901,900.09375,71.7
booktext.jpg,720p_jpg_fast,jpg,720,fast,Broadband_WiFi,35.98046875,10.211200000412646,15.6219482421875,10.836899999958405,36.67004824255855,33.31238663273669,0.9353461943009251,2700.09375,0.0
booktext.jpg,720p_jpg_fast,jpg,720,fast,4G_Mobile,35.98046875,10.211200000412646,78.1097412109375,10.836899999958405,99.15784121130855,33.31238663273669,0.9353461943009251,2700.09375,0.0
booktext.jpg,720p_jpg_fast,jpg,720,fast,IoT_Narrowband,35.98046875,10.211200000412646,762.19482421875,10.836899999958405,783.242924219121,33.31238663273669,0.9353461943009251,2700.09375,0.0
booktext.jpg,720p_jpg_high,jpg,720,high,Broadband_WiFi,211.5048828125,17.199400000208698,43.047637939453125,22.693799999615294,82.94083793927712,43.112320558349396,0.9869891286344855,2700.09375,97.7
booktext.jpg,720p_jpg_high,jpg,720,high,4G_Mobile,211.5048828125,17.199400000208698,215.2381896972656,22.693799999615294,255.1313896970896,43.112320558349396,0.9869891286344855,2700.09375,97.7
booktext.jpg,720p_jpg_high,jpg,720,high,IoT_Narrowband,211.5048828125,17.199400000208698,3504.7637939453125,22.693799999615294,3544.6569939451365,43.112320558349396,0.9869891286344855,2700.09375,97.7
booktext.jpg,720p_webp_fast,webp,720,fast,Broadband_WiFi,30.046875,205.37919999969745,14.69482421875,17.81250000021828,237.88652421866573,36.17957707940268,0.9619895637123378,2700.09375,100.1
booktext.jpg,720p_webp_fast,webp,720,fast,4G_Mobile,30.046875,205.37919999969745,73.47412109375001,17.81250000021828,296.6658210936657,36.17957707940268,0.9619895637123378,2700.09375,100.1
booktext.jpg,720p_webp_fast,webp,720,fast,IoT_Narrowband,30.046875,205.37919999969745,669.482421875,17.81250000021828,892.6741218749157,36.17957707940268,0.9619895637123378,2700.09375,100.1
booktext.jpg,720p_webp_high,webp,720,high,Broadband_WiFi,89.908203125,308.56690000018716,24.04815673828125,27.13679999942542,359.75185673789383,41.78506010878773,0.9816708211845219,2700.09375,74.9
booktext.jpg,720p_webp_high,webp,720,high,4G_Mobile,89.908203125,308.56690000018716,120.24078369140625,27.13679999942542,455.94448369101883,41.78506010878773,0.9816708211845219,2700.09375,74.9
booktext.jpg,720p_webp_high,webp,720,high,IoT_Narrowband,89.908203125,308.56690000018716,1604.815673828125,27.13679999942542,1940.5193738277376,41.78506010878773,0.9816708211845219,2700.09375,74.9
booktext.jpg,1080p_jpg_fast,jpg,1080,fast,Broadband_WiFi,66.5859375,32.23100000013801,20.404052734375,25.450199999795586,78.0852527343086,35.32543481624086,0.9516286886253451,6075.09375,100.8
booktext.jpg,1080p_jpg_fast,jpg,1080,fast,4G_Mobile,66.5859375,32.23100000013801,102.020263671875,25.450199999795586,159.7014636718086,35.32543481624086,0.9516286886253451,6075.09375,100.8
booktext.jpg,1080p_jpg_fast,jpg,1080,fast,IoT_Narrowband,66.5859375,32.23100000013801,1240.4052734375,25.450199999795586,1298.0864734374336,35.32543481624086,0.9516286886253451,6075.09375,100.8
booktext.jpg,1080p_jpg_high,jpg,1080,high,Broadband_WiFi,398.0732421875,35.52810000019235,72.19894409179688,38.03960000004736,145.76664409203661,44.82358800450089,0.9890934561761601,6075.09375,100.8
booktext.jpg,1080p_jpg_high,jpg,1080,high,4G_Mobile,398.0732421875,35.52810000019235,360.9947204589843,38.03960000004736,434.56242045922403,44.82358800450089,0.9890934561761601,6075.09375,100.8
booktext.jpg,1080p_jpg_high,jpg,1080,high,IoT_Narrowband,398.0732421875,35.52810000019235,6419.8944091796875,38.03960000004736,6493.462109179927,44.82358800450089,0.9890934561761601,6075.09375,100.8
booktext.jpg,1080p_webp_fast,webp,1080,fast,Broadband_WiFi,45.25390625,503.6496000002444,17.0709228515625,43.713799999750336,564.4343228515572,37.34028032547404,0.9678975564816831,6075.09375,103.1
booktext.jpg,1080p_webp_fast,webp,1080,fast,4G_Mobile,45.25390625,503.6496000002444,85.3546142578125,43.713799999750336,632.7180142578072,37.34028032547404,0.9678975564816831,6075.09375,103.1
booktext.jpg,1080p_webp_fast,webp,1080,fast,IoT_Narrowband,45.25390625,503.6496000002444,907.09228515625,43.713799999750336,1454.4556851562447,37.34028032547404,0.9678975564816831,6075.09375,103.1
booktext.jpg,1080p_webp_high,webp,1080,high,Broadband_WiFi,151.484375,610.4054999996151,33.66943359375,60.29439999929309,704.3693335926582,42.941773545204484,0.9832839732615688,6075.09375,92.2
booktext.jpg,1080p_webp_high,webp,1080,high,4G_Mobile,151.484375,610.4054999996151,168.34716796875,60.29439999929309,839.0470679676582,42.941773545204484,0.9832839732615688,6075.09375,92.2
booktext.jpg,1080p_webp_high,webp,1080,high,IoT_Narrowband,151.484375,610.4054999996151,2566.943359375,60.29439999929309,3237.643259373908,42.941773545204484,0.9832839732615688,6075.09375,92.2
nighttown.jpg,480p_jpg_fast,jpg,480,fast,Broadband_WiFi,22.1162109375,4.934299999149516,13.455657958984375,4.98410000000149,23.37405795813538,23.093747027926476,0.751233518617937,900.09375,0.0
nighttown.jpg,480p_jpg_fast,jpg,480,fast,4G_Mobile,22.1162109375,4.934299999149516,67.27828979492188,4.98410000000149,77.19668979407288,23.093747027926476,0.751233518617937,900.09375,0.0
nighttown.jpg,480p_jpg_fast,jpg,480,fast,IoT_Narrowband,22.1162109375,4.934299999149516,545.5657958984375,4.98410000000149,555.4841958975885,23.093747027926476,0.751233518617937,900.09375,0.0
nighttown.jpg,480p_jpg_high,jpg,480,high,Broadband_WiFi,137.92578125,6.4753999995446065,31.550903320312496,6.247300000723044,44.27360332058015,30.099862069409507,0.9562402117040504,900.09375,0.0
nighttown.jpg,480p_jpg_high,jpg,480,high,4G_Mobile,137.92578125,6.4753999995446065,157.7545166015625,6.247300000723044,170.47721660183015,30.099862069409507,0.9562402117040504,900.09375,0.0
nighttown.jpg,480p_jpg_high,jpg,480,high,IoT_Narrowband,137.92578125,6.4753999995446065,2355.09033203125,6.247300000723044,2367.8130320315177,30.099862069409507,0.9562402117040504,900.09375,0.0
nighttown.jpg,480p_webp_fast,webp,480,fast,Broadband_WiFi,32.787109375,83.57900000009977,15.12298583984375,10.803199999827484,109.505185839771,27.108470676165123,0.9016006156210973,900.09375,84.0
nighttown.jpg,480p_webp_fast,webp,480,fast,4G_Mobile,32.787109375,83.57900000009977,75.61492919921875,10.803199999827484,169.997129199146,27.108470676165123,0.9016006156210973,900.09375,84.0
nighttown.jpg,480p_webp_fast,webp,480,fast,IoT_Narrowband,32.787109375,83.57900000009977,712.298583984375,10.803199999827484,806.6807839843023,27.108470676165123,0.9016006156210973,900.09375,84.0
nighttown.jpg,480p_webp_high,webp,480,high,Broadband_WiFi,80.7734375,97.18380000049365,22.620849609375,17.811600000641192,137.61624961050984,29.91630266097545,0.9476804898063941,900.09375,86.0
nighttown.jpg,480p_webp_high,webp,480,high,4G_Mobile,80.7734375,97.18380000049365,113.10424804687501,17.811600000641192,228.09964804800987,29.91630266097545,0.9476804898063941,900.09375,86.0
nighttown.jpg,480p_webp_high,webp,480,high,IoT_Narrowband,80.7734375,97.18380000049365,1462.0849609375,17.811600000641192,1577.0803609386348,29.91630266097545,0.9476804898063941,900.09375,86.0
nighttown.jpg,720p_jpg_fast,jpg,720,fast,Broadband_WiFi,57.435546875,12.596700000358396,18.97430419921875,13.718299999709416,45.28930419928656,24.428545353329277,0.768312493332779,2700.09375,0.0
nighttown.jpg,720p_jpg_fast,jpg,720,fast,4G_Mobile,57.435546875,12.596700000358396,94.87152099609375,13.718299999709416,121.18652099616156,24.428545353329277,0.768312493332779,2700.09375,0.0
nighttown.jpg,720p_jpg_fast,jpg,720,fast,IoT_Narrowband,57.435546875,12.596700000358396,1097.430419921875,13.718299999709416,1123.7454199219428,24.428545353329277,0.768312493332779,2700.09375,0.0
nighttown.jpg,720p_jpg_high,jpg,720,high,Broadband_WiFi,363.62890625,15.401800000290677,66.8170166015625,18.445300000166753,100.66411660201993,31.82147706761096,0.96285111546892,2700.09375,104.2
nighttown.jpg,720p_jpg_high,jpg,720,high,4G_Mobile,363.62890625,15.401800000290677,334.0850830078125,18.445300000166753,367.93218300826993,31.82147706761096,0.96285111546892,2700.09375,104.2
nighttown.jpg,720p_jpg_high,jpg,720,high,IoT_Narrowband,363.62890625,15.401800000290677,5881.70166015625,18.445300000166753,5915.548760156707,31.82147706761096,0.96285111546892,2700.09375,104.2
nighttown.jpg,720p_webp_fast,webp,720,fast,Broadband_WiFi,82.02734375,211.00549999937357,22.816772460937504,24.97159999984433,258.7938724601554,28.40829528693625,0.9064199964730718,2700.09375,92.8
nighttown.jpg,720p_webp_fast,webp,720,fast,4G_Mobile,82.02734375,211.00549999937357,114.0838623046875,24.97159999984433,350.0609623039054,28.40829528693625,0.9064199964730718,2700.09375,92.8
nighttown.jpg,720p_webp_fast,webp,720,fast,IoT_Narrowband,82.02734375,211.00549999937357,1481.67724609375,24.97159999984433,1717.654346092968,28.40829528693625,0.9064199964730718,2700.09375,92.8
nighttown.jpg,720p_webp_high,webp,720,high,Broadband_WiFi,208.9140625,287.9965000001903,42.64282226562501,37.14190000027884,367.7812222660941,31.633232963778806,0.9544190706658799,2700.09375,89.4
nighttown.jpg,720p_webp_high,webp,720,high,4G_Mobile,208.9140625,287.9965000001903,213.214111328125,37.14190000027884,538.3525113285941,31.633232963778806,0.9544190706658799,2700.09375,89.4
nighttown.jpg,720p_webp_high,webp,720,high,IoT_Narrowband,208.9140625,287.9965000001903,3464.2822265625,37.14190000027884,3789.420626562969,31.633232963778806,0.9544190706658799,2700.09375,89.4
nighttown.jpg,1080p_jpg_fast,jpg,1080,fast,Broadband_WiFi,116.7265625,26.59940000012284,28.238525390624996,21.834000000126252,76.67192539087408,25.61638118646095,0.7852275468353699,6075.09375,97.7
nighttown.jpg,1080p_jpg_fast,jpg,1080,fast,4G_Mobile,116.7265625,26.59940000012284,141.192626953125,21.834000000126252,189.6260269533741,25.61638118646095,0.7852275468353699,6075.09375,97.7
nighttown.jpg,1080p_jpg_fast,jpg,1080,fast,IoT_Narrowband,116.7265625,26.59940000012284,2023.8525390625002,21.834000000126252,2072.285939062749,25.61638118646095,0.7852275468353699,6075.09375,97.7
nighttown.jpg,1080p_jpg_high,jpg,1080,high,Broadband_WiFi,734.109375,30.822400000033667,124.70458984374999,38.39679999964574,193.9237898434294,33.80932686043249,0.9704798678759946,6075.09375,97.7
nighttown.jpg,1080p_jpg_high,jpg,1080,high,4G_Mobile,734.109375,30.822400000033667,623.5229492187501,38.39679999964574,692.7421492184295,33.80932686043249,0.9704798678759946,6075.09375,97.7
nighttown.jpg,1080p_jpg_high,jpg,1080,high,IoT_Narrowband,734.109375,30.822400000033667,11670.458984375,38.39679999964574,11739.67818437468,33.80932686043249,0.9704798678759946,6075.09375,97.7
nighttown.jpg,1080p_webp_fast,webp,1080,fast,Broadband_WiFi,155.78125,436.2727999996423,34.3408203125,42.345900000327674,512.95952031247,29.611390311934862,0.9127925749987239,6075.09375,96.5
nighttown.jpg,1080p_webp_fast,webp,1080,fast,4G_Mobile,155.78125,436.2727999996423,171.7041015625,42.345900000327674,650.32280156247,29.611390311934862,0.9127925749987239,6075.09375,96.5
nighttown.jpg,1080p_webp_fast,webp,1080,fast,IoT_Narrowband,155.78125,436.2727999996423,2634.08203125,42.345900000327674,3112.70073124997,29.611390311934862,0.9127925749987239,6075.09375,96.5
nighttown.jpg,1080p_webp_high,webp,1080,high,Broadband_WiFi,414.384765625,589.2288000004555,74.74761962890625,92.91949999987992,756.8959196292417,33.585903217477316,0.9619390205530408,6075.09375,102.7
nighttown.jpg,1080p_webp_high,webp,1080,high,4G_Mobile,414.384765625,589.2288000004555,373.73809814453125,92.91949999987992,1055.8863981448667,33.585903217477316,0.9619390205530408,6075.09375,102.7
nighttown.jpg,1080p_webp_high,webp,1080,high,IoT_Narrowband,414.384765625,589.2288000004555,6674.761962890625,92.91949999987992,7356.91026289096,33.585903217477316,0.9619390205530408,6075.09375,102.7
portrait.jpg,480p_jpg_fast,jpg,480,fast,Broadband_WiFi,23.046875,4.068800000823103,13.60107421875,6.222300000445102,23.89217422001821,27.26477365220239,0.8087071434297517,900.09375,0.0
portrait.jpg,480p_jpg_fast,jpg,480,fast,4G_Mobile,23.046875,4.068800000823103,68.00537109375,6.222300000445102,78.2964710950182,27.26477365220239,0.8087071434297517,900.09375,0.0
portrait.jpg,480p_jpg_fast,jpg,480,fast,IoT_Narrowband,23.046875,4.068800000823103,560.107421875,6.222300000445102,570.3985218762682,27.26477365220239,0.8087071434297517,900.09375,0.0
portrait.jpg,480p_jpg_high,jpg,480,high,Broadband_WiFi,165.0390625,6.873299999824667,35.787353515625,7.177700000283949,49.838353515733615,37.48122982322593,0.9699539625611253,900.09375,0.0
portrait.jpg,480p_jpg_high,jpg,480,high,4G_Mobile,165.0390625,6.873299999824667,178.936767578125,7.177700000283949,192.98776757823362,37.48122982322593,0.9699539625611253,900.09375,0.0
portrait.jpg,480p_jpg_high,jpg,480,high,IoT_Narrowband,165.0390625,6.873299999824667,2778.7353515625,7.177700000283949,2792.7863515626086,37.48122982322593,0.9699539625611253,900.09375,0.0
portrait.jpg,480p_webp_fast,webp,480,fast,Broadband_WiFi,33.376953125,113.917799999399,15.21514892578125,10.947699999633187,140.08064892481343,30.09666044189106,0.8836590519816081,900.09375,99.4
portrait.jpg,480p_webp_fast,webp,480,fast,4G_Mobile,33.376953125,113.917799999399,76.07574462890626,10.947699999633187,200.94124462793843,30.09666044189106,0.8836590519816081,900.09375,99.4
portrait.jpg,480p_webp_fast,webp,480,fast,IoT_Narrowband,33.376953125,113.917799999399,721.514892578125,10.947699999633187,846.3803925771572,30.09666044189106,0.8836590519816081,900.09375,99.4
portrait.jpg,480p_webp_high,webp,480,high,Broadband_WiFi,109.826171875,120.6769999998869,27.16033935546875,19.84370000081981,167.68103935617546,37.026558350452596,0.9691662201884181,900.09375,87.5
portrait.jpg,480p_webp_high,webp,480,high,4G_Mobile,109.826171875,120.6769999998869,135.80169677734378,19.84370000081981,276.32239677805046,37.026558350452596,0.9691662201884181,900.09375,87.5
portrait.jpg,480p_webp_high,webp,480,high,IoT_Narrowband,109.826171875,120.6769999998869,1916.033935546875,19.84370000081981,2056.5546355475817,37.026558350452596,0.9691662201884181,900.09375,87.5
portrait.jpg,720p_jpg_fast,jpg,720,fast,Broadband_WiFi,56.4326171875,6.913400000485126,18.817596435546875,7.784000000356173,33.514996436388174,29.27836690544503,0.8326081979631698,2700.09375,0.0
portrait.jpg,720p_jpg_fast,jpg,720,fast,4G_Mobile,56.4326171875,6.913400000485126,94.08798217773438,7.784000000356173,108.78538217857567,29.27836690544503,0.8326081979631698,2700.09375,0.0
portrait.jpg,720p_jpg_fast,jpg,720,fast,IoT_Narrowband,56.4326171875,6.913400000485126,1081.7596435546875,7.784000000356173,1096.4570435555288,29.27836690544503,0.8326081979631698,2700.09375,0.0
portrait.jpg,720p_jpg_high,jpg,720,high,Broadband_WiFi,414.7333984375,12.856499999543303,74.80209350585938,16.65439999942464,104.31299350482732,39.692456201726685,0.9747433746674005,2700.09375,0.0
portrait.jpg,720p_jpg_high,jpg,720,high,4G_Mobile,414.7333984375,12.856499999543303,374.0104675292968,16.65439999942464,403.52136752826476,39.692456201726685,0.9747433746674005,2700.09375,0.0
portrait.jpg,720p_jpg_high,jpg,720,high,IoT_Narrowband,414.7333984375,12.856499999543303,6680.2093505859375,16.65439999942464,6709.720250584905,39.692456201726685,0.9747433746674005,2700.09375,0.0
portrait.jpg,720p_webp_fast,webp,720,fast,Broadband_WiFi,71.16796875,217.751700000008,21.1199951171875,21.905500000684697,260.7771951178802,31.783310778229698,0.8865395771439429,2700.09375,100.1
portrait.jpg,720p_webp_fast,webp,720,fast,4G_Mobile,71.16796875,217.751700000008,105.5999755859375,21.905500000684697,345.2571755866302,31.783310778229698,0.8865395771439429,2700.09375,100.1
portrait.jpg,720p_webp_fast,webp,720,fast,IoT_Narrowband,71.16796875,217.751700000008,1311.99951171875,21.905500000684697,1551.6567117194427,31.783310778229698,0.8865395771439429,2700.09375,100.1
portrait.jpg,720p_webp_high,webp,720,high,Broadband_WiFi,252.3515625,306.06429999988904,49.429931640625,78.93789999980072,434.43213164031476,38.74763384837228,0.9703791324140244,2700.09375,105.2
portrait.jpg,720p_webp_high,webp,720,high,4G_Mobile,252.3515625,306.06429999988904,247.149658203125,78.93789999980072,632.1518582028148,38.74763384837228,0.9703791324140244,2700.09375,105.2
portrait.jpg,720p_webp_high,webp,720,high,IoT_Narrowband,252.3515625,306.06429999988904,4142.9931640625,78.93789999980072,4527.99536406219,38.74763384837228,0.9703791324140244,2700.09375,105.2
portrait.jpg,1080p_jpg_fast,jpg,1080,fast,Broadband_WiFi,108.9111328125,21.568399999523535,27.01736450195313,18.709300000409712,67.29506450188639,30.966346223796574,0.853154010283736,6075.09375,50.4
portrait.jpg,1080p_jpg_fast,jpg,1080,fast,4G_Mobile,108.9111328125,21.568399999523535,135.08682250976562,18.709300000409712,175.36452250969887,30.966346223796574,0.853154010283736,6075.09375,50.4
portrait.jpg,1080p_jpg_fast,jpg,1080,fast,IoT_Narrowband,108.9111328125,21.568399999523535,1901.7364501953125,18.709300000409712,1942.0141501952457,30.966346223796574,0.853154010283736,6075.09375,50.4
portrait.jpg,1080p_jpg_high,jpg,1080,high,Broadband_WiFi,791.0439453125,51.78780000005645,133.60061645507812,57.65909999990981,243.0475164550444,41.67164892834726,0.9800080724760227,6075.09375,133.0
portrait.jpg,1080p_jpg_high,jpg,1080,high,4G_Mobile,791.0439453125,51.78780000005645,668.0030822753906,57.65909999990981,777.4499822753569,41.67164892834726,0.9800080724760227,6075.09375,133.0
portrait.jpg,1080p_jpg_high,jpg,1080,high,IoT_Narrowband,791.0439453125,51.78780000005645,12560.061645507812,57.65909999990981,12669.508545507779,41.67164892834726,0.9800080724760227,6075.09375,133.0
portrait.jpg,1080p_webp_fast,webp,1080,fast,Broadband_WiFi,121.3671875,573.4579999998459,28.963623046874996,52.41440000008879,654.8360230468097,33.17946514168766,0.8954827453934162,6075.09375,94.6
portrait.jpg,1080p_webp_fast,webp,1080,fast,4G_Mobile,121.3671875,573.4579999998459,144.818115234375,52.41440000008879,770.6905152343097,33.17946514168766,0.8954827453934162,6075.09375,94.6
portrait.jpg,1080p_webp_fast,webp,1080,fast,IoT_Narrowband,121.3671875,573.4579999998459,2096.3623046875,52.41440000008879,2722.2347046874347,33.17946514168766,0.8954827453934162,6075.09375,94.6
portrait.jpg,1080p_webp_high,webp,1080,high,Broadband_WiFi,455.58984375,690.1561000004222,81.18591308593749,98.23529999994207,869.5773130863017,40.174217918615625,0.9733430350938747,6075.09375,97.8
portrait.jpg,1080p_webp_high,webp,1080,high,4G_Mobile,455.58984375,690.1561000004222,405.9295654296875,98.23529999994207,1194.3209654300517,40.174217918615625,0.9733430350938747,6075.09375,97.8
portrait.jpg,1080p_webp_high,webp,1080,high,IoT_Narrowband,455.58984375,690.1561000004222,7318.59130859375,98.23529999994207,8106.982708594113,40.174217918615625,0.9733430350938747,6075.09375,97.8
sunset.jpg,480p_jpg_fast,jpg,480,fast,Broadband_WiFi,5.8857421875,2.639499999531836,10.919647216796875,3.5821000001305947,17.141247216459305,38.767896418221135,0.953521124636649,900.09375,0.0
sunset.jpg,480p_jpg_fast,jpg,480,fast,4G_Mobile,5.8857421875,2.639499999531836,54.598236083984375,3.5821000001305947,60.819836083646805,38.767896418221135,0.953521124636649,900.09375,0.0
sunset.jpg,480p_jpg_fast,jpg,480,fast,IoT_Narrowband,5.8857421875,2.639499999531836,291.9647216796875,3.5821000001305947,298.18632167934993,38.767896418221135,0.953521124636649,900.09375,0.0
sunset.jpg,480p_jpg_high,jpg,480,high,Broadband_WiFi,28.5224609375,3.651500000160013,14.456634521484377,4.88980000045558,22.997934522099968,49.4804505249664,0.9887971067749909,900.09375,0.0
sunset.jpg,480p_jpg_high,jpg,480,high,4G_Mobile,28.5224609375,3.651500000160013,72.28317260742188,4.88980000045558,80.82447260803747,49.4804505249664,0.9887971067749909,900.09375,0.0
sunset.jpg,480p_jpg_high,jpg,480,high,IoT_Narrowband,28.5224609375,3.651500000160013,645.6634521484375,4.88980000045558,654.2047521490531,49.4804505249664,0.9887971067749909,900.09375,0.0
sunset.jpg,480p_webp_fast,webp,480,fast,Broadband_WiFi,1.77734375,54.071799999292125,10.277709960937502,4.282199999579461,68.63170995980909,43.54768978233973,0.9772396379181293,900.09375,75.6
sunset.jpg,480p_webp_fast,webp,480,fast,4G_Mobile,1.77734375,54.071799999292125,51.3885498046875,4.282199999579461,109.74254980355909,43.54768978233973,0.9772396379181293,900.09375,75.6
sunset.jpg,480p_webp_fast,webp,480,fast,IoT_Narrowband,1.77734375,54.071799999292125,227.77099609375,4.282199999579461,286.1249960926216,43.54768978233973,0.9772396379181293,900.09375,75.6
sunset.jpg,480p_webp_high,webp,480,high,Broadband_WiFi,4.876953125,67.2232000006261,10.76202392578125,5.640800000037416,83.62602392644476,46.68749103870426,0.9831506121774121,900.09375,80.1
sunset.jpg,480p_webp_high,webp,480,high,4G_Mobile,4.876953125,67.2232000006261,53.81011962890625,5.640800000037416,126.67411962956976,46.68749103870426,0.9831506121774121,900.09375,80.1
sunset.jpg,480p_webp_high,webp,480,high,IoT_Narrowband,4.876953125,67.2232000006261,276.202392578125,5.640800000037416,349.0663925787885,46.68749103870426,0.9831506121774121,900.09375,80.1
sunset.jpg,720p_jpg_fast,jpg,720,fast,Broadband_WiFi,15.6923828125,7.697100000768842,12.451934814453125,9.388200000103097,29.537234815325064,39.068746076497085,0.9647639731618042,2700.09375,0.0
sunset.jpg,720p_jpg_fast,jpg,720,fast,4G_Mobile,15.6923828125,7.697100000768842,62.259674072265625,9.388200000103097,79.34497407313756,39.068746076497085,0.9647639731618042,2700.09375,0.0
sunset.jpg,720p_jpg_fast,jpg,720,fast,IoT_Narrowband,15.6923828125,7.697100000768842,445.1934814453125,9.388200000103097,462.27878144618444,39.068746076497085,0.9647639731618042,2700.09375,0.0
sunset.jpg,720p_jpg_high,jpg,720,high,Broadband_WiFi,80.0185546875,11.669799999253883,22.502899169921875,13.485800000125892,47.65849916930165,50.24238705675259,0.9906049250233763,2700.09375,104.2
sunset.jpg,720p_jpg_high,jpg,720,high,4G_Mobile,80.0185546875,11.669799999253883,112.51449584960938,13.485800000125892,137.67009584898915,50.24238705675259,0.9906049250233763,2700.09375,104.2
sunset.jpg,720p_jpg_high,jpg,720,high,IoT_Narrowband,80.0185546875,11.669799999253883,1450.2899169921875,13.485800000125892,1475.4455169915673,50.24238705675259,0.9906049250233763,2700.09375,104.2
sunset.jpg,720p_webp_fast,webp,720,fast,Broadband_WiFi,4.15234375,194.5884999995542,10.6488037109375,15.637399999832269,220.87470371032396,44.20394791279883,0.9810355467135209,2700.09375,99.7
sunset.jpg,720p_webp_fast,webp,720,fast,4G_Mobile,4.15234375,194.5884999995542,53.2440185546875,15.637399999832269,263.46991855407396,44.20394791279883,0.9810355467135209,2700.09375,99.7
sunset.jpg,720p_webp_fast,webp,720,fast,IoT_Narrowband,4.15234375,194.5884999995542,264.88037109375,15.637399999832269,475.10627109313646,44.20394791279883,0.9810355467135209,2700.09375,99.7
sunset.jpg,720p_webp_high,webp,720,high,Broadband_WiFi,12.41015625,173.81350000050588,11.9390869140625,16.35199999964243,202.1045869142108,47.221174626273225,0.9857815503431699,2700.09375,99.9
sunset.jpg,720p_webp_high,webp,720,high,4G_Mobile,12.41015625,173.81350000050588,59.69543457031251,16.35199999964243,249.8609345704608,47.221174626273225,0.9857815503431699,2700.09375,99.9
sunset.jpg,720p_webp_high,webp,720,high,IoT_Narrowband,12.41015625,173.81350000050588,393.90869140625,16.35199999964243,584.0741914063983,47.221174626273225,0.9857815503431699,2700.09375,99.9
sunset.jpg,1080p_jpg_fast,jpg,1080,fast,Broadband_WiFi,33.8583984375,15.685899999880348,15.290374755859373,20.534899999802292,51.51117475554201,39.27119760345503,0.9729526731934834,6075.09375,97.7
sunset.jpg,1080p_jpg_fast,jpg,1080,fast,4G_Mobile,33.8583984375,15.685899999880348,76.45187377929688,20.534899999802292,112.67267377897952,39.27119760345503,0.9729526731934834,6075.09375,97.7
sunset.jpg,1080p_jpg_fast,jpg,1080,fast,IoT_Narrowband,33.8583984375,15.685899999880348,729.0374755859375,20.534899999802292,765.2582755856201,39.27119760345503,0.9729526731934834,6075.09375,97.7
sunset.jpg,1080p_jpg_high,jpg,1080,high,Broadband_WiFi,175.2685546875,31.115000000681903,37.385711669921875,30.905999999959022,99.40671167056281,51.22104923949464,0.9924962607944611,6075.09375,100.8
sunset.jpg,1080p_jpg_high,jpg,1080,high,4G_Mobile,175.2685546875,31.115000000681903,186.92855834960938,30.905999999959022,248.9495583502503,51.22104923949464,0.9924962607944611,6075.09375,100.8
sunset.jpg,1080p_jpg_high,jpg,1080,high,IoT_Narrowband,175.2685546875,31.115000000681903,2938.5711669921875,30.905999999959022,3000.5921669928284,51.22104923949464,0.9924962607944611,6075.09375,100.8
sunset.jpg,1080p_webp_fast,webp,1080,fast,Broadband_WiFi,7.642578125,417.78489999978774,11.19415283203125,28.93969999968249,457.9187528315015,44.88943115006245,0.9842082535499844,6075.09375,92.1
sunset.jpg,1080p_webp_fast,webp,1080,fast,4G_Mobile,7.642578125,417.78489999978774,55.97076416015626,28.93969999968249,502.6953641596265,44.88943115006245,0.9842082535499844,6075.09375,92.1
sunset.jpg,1080p_webp_fast,webp,1080,fast,IoT_Narrowband,7.642578125,417.78489999978774,319.415283203125,28.93969999968249,766.1398832025952,44.88943115006245,0.9842082535499844,6075.09375,92.1
sunset.jpg,1080p_webp_high,webp,1080,high,Broadband_WiFi,22.7265625,328.4347999997408,13.551025390625,34.58000000046013,376.5658253908259,47.654605087237755,0.9880131822273115,6075.09375,100.0
sunset.jpg,1080p_webp_high,webp,1080,high,4G_Mobile,22.7265625,328.4347999997408,67.755126953125,34.58000000046013,430.7699269533259,47.654605087237755,0.9880131822273115,6075.09375,100.0
sunset.jpg,1080p_webp_high,webp,1080,high,IoT_Narrowband,22.7265625,328.4347999997408,555.1025390625,34.58000000046013,918.1173390627009,47.654605087237755,0.9880131822273115,6075.09375,100.0
thickgrass.jpg,480p_jpg_fast,jpg,480,fast,Broadband_WiFi,15.1611328125,3.701100000398583,12.368927001953125,4.065400000399677,20.13542700275139,29.644825005129114,0.8207487688819457,900.09375,0.0
thickgrass.jpg,480p_jpg_fast,jpg,480,fast,4G_Mobile,15.1611328125,3.701100000398583,61.844635009765625,4.065400000399677,69.61113501056388,29.644825005129114,0.8207487688819457,900.09375,0.0
thickgrass.jpg,480p_jpg_fast,jpg,480,fast,IoT_Narrowband,15.1611328125,3.701100000398583,436.8927001953125,4.065400000399677,444.65920019611076,29.644825005129114,0.8207487688819457,900.09375,0.0
thickgrass.jpg,480p_jpg_high,jpg,480,high,Broadband_WiFi,89.0673828125,4.520999999840569,23.91677856445312,5.565599999499682,34.003378563793376,37.82469088633019,0.9617499097898565,900.09375,0.0
thickgrass.jpg,480p_jpg_high,jpg,480,high,4G_Mobile,89.0673828125,4.520999999840569,119.58389282226562,5.565599999499682,129.67049282160588,37.82469088633019,0.9617499097898565,900.09375,0.0
thickgrass.jpg,480p_jpg_high,jpg,480,high,IoT_Narrowband,89.0673828125,4.520999999840569,1591.6778564453125,5.565599999499682,1601.7644564446528,37.82469088633019,0.9617499097898565,900.09375,0.0
thickgrass.jpg,480p_webp_fast,webp,480,fast,Broadband_WiFi,13.751953125,93.20189999925788,12.148742675781252,7.854699999370496,113.20534267440962,32.34692273627145,0.8922760399099895,900.09375,100.8
thickgrass.jpg,480p_webp_fast,webp,480,fast,4G_Mobile,13.751953125,93.20189999925788,60.74371337890625,7.854699999370496,161.80031337753462,32.34692273627145,0.8922760399099895,900.09375,100.8
thickgrass.jpg,480p_webp_fast,webp,480,fast,IoT_Narrowband,13.751953125,93.20189999925788,414.874267578125,7.854699999370496,515.9308675767534,32.34692273627145,0.8922760399099895,900.09375,100.8
thickgrass.jpg,480p_webp_high,webp,480,high,Broadband_WiFi,43.001953125,86.55009999984031,16.71905517578125,10.741899999629823,114.01105517525139,37.00965819972335,0.9526203351162228,900.09375,120.2
thickgrass.jpg,480p_webp_high,webp,480,high,4G_Mobile,43.001953125,86.55009999984031,83.59527587890625,10.741899999629823,180.88727587837639,37.00965819972335,0.9526203351162228,900.09375,120.2
thickgrass.jpg,480p_webp_high,webp,480,high,IoT_Narrowband,43.001953125,86.55009999984031,871.905517578125,10.741899999629823,969.1975175775951,37.00965819972335,0.9526203351162228,900.09375,120.2
thickgrass.jpg,720p_jpg_fast,jpg,720,fast,Broadband_WiFi,33.201171875,5.519100000128674,15.18768310546875,5.746700000599958,26.453483106197385,32.36081040434862,0.8673556293799892,2700.09375,0.0
thickgrass.jpg,720p_jpg_fast,jpg,720,fast,4G_Mobile,33.201171875,5.519100000128674,75.93841552734376,5.746700000599958,87.2042155280724,32.36081040434862,0.8673556293799892,2700.09375,0.0
thickgrass.jpg,720p_jpg_fast,jpg,720,fast,IoT_Narrowband,33.201171875,5.519100000128674,718.768310546875,5.746700000599958,730.0341105476036,32.36081040434862,0.8673556293799892,2700.09375,0.0
thickgrass.jpg,720p_jpg_high,jpg,720,high,Broadband_WiFi,195.6552734375,14.459099999839964,40.571136474609375,28.12660000017786,83.1568364746272,42.39197443779677,0.9779785589826785,2700.09375,97.7
thickgrass.jpg,720p_jpg_high,jpg,720,high,4G_Mobile,195.6552734375,14.459099999839964,202.85568237304685,28.12660000017786,245.44138237306467,42.39197443779677,0.9779785589826785,2700.09375,97.7
thickgrass.jpg,720p_jpg_high,jpg,720,high,IoT_Narrowband,195.6552734375,14.459099999839964,3257.1136474609375,28.12660000017786,3299.6993474609553,42.39197443779677,0.9779785589826785,2700.09375,97.7
thickgrass.jpg,720p_webp_fast,webp,720,fast,Broadband_WiFi,25.7890625,194.7121999992305,14.029541015625,20.06260000052862,228.80434101538413,35.125537758904855,0.9239388432866558,2700.09375,100.3
thickgrass.jpg,720p_webp_fast,webp,720,fast,4G_Mobile,25.7890625,194.7121999992305,70.14770507812501,20.06260000052862,284.9225050778841,35.125537758904855,0.9239388432866558,2700.09375,100.3
thickgrass.jpg,720p_webp_fast,webp,720,fast,IoT_Narrowband,25.7890625,194.7121999992305,602.9541015625,20.06260000052862,817.7289015622591,35.125537758904855,0.9239388432866558,2700.09375,100.3
thickgrass.jpg,720p_webp_high,webp,720,high,Broadband_WiFi,80.85546875,412.559099999271,22.633666992187504,44.330700000500656,479.52346699195914,40.63654374956216,0.9674177914172232,2700.09375,77.8
thickgrass.jpg,720p_webp_high,webp,720,high,4G_Mobile,80.85546875,412.559099999271,113.1683349609375,44.330700000500656,570.0581349607091,40.63654374956216,0.9674177914172232,2700.09375,77.8
thickgrass.jpg,720p_webp_high,webp,720,high,IoT_Narrowband,80.85546875,412.559099999271,1463.36669921875,44.330700000500656,1920.2564992185216,40.63654374956216,0.9674177914172232,2700.09375,77.8
thickgrass.jpg,1080p_jpg_fast,jpg,1080,fast,Broadband_WiFi,62.0107421875,26.788500000293425,19.689178466796875,24.840799999765295,71.3184784668556,34.02994674771092,0.8934950800366449,6075.09375,195.3
thickgrass.jpg,1080p_jpg_fast,jpg,1080,fast,4G_Mobile,62.0107421875,26.788500000293425,98.44589233398438,24.840799999765295,150.0751923340431,34.02994674771092,0.8934950800366449,6075.09375,195.3
thickgrass.jpg,1080p_jpg_fast,jpg,1080,fast,IoT_Narrowband,62.0107421875,26.788500000293425,1168.9178466796875,24.840799999765295,1220.5471466797462,34.02994674771092,0.8934950800366449,6075.09375,195.3
thickgrass.jpg,1080p_jpg_high,jpg,1080,high,Broadband_WiFi,353.619140625,26.432199999362638,65.25299072265625,33.815599999797996,125.50079072181688,45.25105571660159,0.9848514717062233,6075.09375,100.8
thickgrass.jpg,1080p_jpg_high,jpg,1080,high,4G_Mobile,353.619140625,26.432199999362638,326.26495361328125,33.815599999797996,386.5127536124419,45.25105571660159,0.9848514717062233,6075.09375,100.8
thickgrass.jpg,1080p_jpg_high,jpg,1080,high,IoT_Narrowband,353.619140625,26.432199999362638,5725.299072265625,33.815599999797996,5785.546872264786,45.25105571660159,0.9848514717062233,6075.09375,100.8
thickgrass.jpg,1080p_webp_fast,webp,1080,fast,Broadband_WiFi,42.87890625,334.84190000035596,16.6998291015625,27.01729999989766,378.5590291018161,37.02053568829115,0.9426033917368248,6075.09375,100.0
thickgrass.jpg,1080p_webp_fast,webp,1080,fast,4G_Mobile,42.87890625,334.84190000035596,83.49914550781251,27.01729999989766,445.3583455080661,37.02053568829115,0.9426033917368248,6075.09375,100.0
thickgrass.jpg,1080p_webp_fast,webp,1080,fast,IoT_Narrowband,42.87890625,334.84190000035596,869.98291015625,27.01729999989766,1231.8421101565036,37.02053568829115,0.9426033917368248,6075.09375,100.0
thickgrass.jpg,1080p_webp_high,webp,1080,high,Broadband_WiFi,136.205078125,362.6953000002686,31.28204345703125,37.116299999979674,431.09364345727954,42.80508025918857,0.9750308354571272,6075.09375,99.8
thickgrass.jpg,1080p_webp_high,webp,1080,high,4G_Mobile,136.205078125,362.6953000002686,156.41021728515625,37.116299999979674,556.2218172854045,42.80508025918857,0.9750308354571272,6075.09375,99.8
thickgrass.jpg,1080p_webp_high,webp,1080,high,IoT_Narrowband,136.205078125,362.6953000002686,2328.204345703125,37.116299999979674,2728.0159457033733,42.80508025918857,0.9750308354571272,6075.09375,99.8
4k.jpg,480p_jpg_fast,jpg,480,fast,Broadband_WiFi,32.7666015625,9.829599999648053,15.119781494140625,5.554499999561813,30.503881493350487,21.59026146420951,0.7135671116304801,900.140625,104.2
4k.jpg,480p_jpg_fast,jpg,480,fast,4G_Mobile,32.7666015625,9.829599999648053,75.59890747070314,5.554499999561813,90.983007469913,21.59026146420951,0.7135671116304801,900.140625,104.2
4k.jpg,480p_jpg_fast,jpg,480,fast,IoT_Narrowband,32.7666015625,9.829599999648053,711.9781494140625,5.554499999561813,727.3622494132724,21.59026146420951,0.7135671116304801,900.140625,104.2
4k.jpg,480p_jpg_high,jpg,480,high,Broadband_WiFi,212.7646484375,6.152500000098371,43.244476318359375,8.754600001338986,58.15157631979673,33.708045316463796,0.9756391057228867,900.09375,0.0
4k.jpg,480p_jpg_high,jpg,480,high,4G_Mobile,212.7646484375,6.152500000098371,216.22238159179685,8.754600001338986,231.1294815932342,33.708045316463796,0.9756391057228867,900.09375,0.0
4k.jpg,480p_jpg_high,jpg,480,high,IoT_Narrowband,212.7646484375,6.152500000098371,3524.4476318359375,8.754600001338986,3539.354731837375,33.708045316463796,0.9756391057228867,900.09375,0.0
4k.jpg,480p_webp_fast,webp,480,fast,Broadband_WiFi,68.19921875,85.96850000139966,20.6561279296875,13.381900000240421,120.00652793132758,28.415326375815706,0.9223231533045722,900.09375,100.2
4k.jpg,480p_webp_fast,webp,480,fast,4G_Mobile,68.19921875,85.96850000139966,103.2806396484375,13.381900000240421,202.63103965007758,28.415326375815706,0.9223231533045722,900.09375,100.2
4k.jpg,480p_webp_fast,webp,480,fast,IoT_Narrowband,68.19921875,85.96850000139966,1265.61279296875,13.381900000240421,1364.96319297039,28.415326375815706,0.9223231533045722,900.09375,100.2
4k.jpg,480p_webp_high,webp,480,high,Broadband_WiFi,154.861328125,85.78449999913573,34.19708251953125,17.00619999974151,136.9877825184085,33.59826953873325,0.9762702260942632,900.09375,120.2
4k.jpg,480p_webp_high,webp,480,high,4G_Mobile,154.861328125,85.78449999913573,170.98541259765625,17.00619999974151,273.7761125965335,33.59826953873325,0.9762702260942632,900.09375,120.2
4k.jpg,480p_webp_high,webp,480,high,IoT_Narrowband,154.861328125,85.78449999913573,2619.708251953125,17.00619999974151,2722.4989519520022,33.59826953873325,0.9762702260942632,900.09375,120.2
4k.jpg,720p_jpg_fast,jpg,720,fast,Broadband_WiFi,90.314453125,6.562900000062655,24.11163330078125,8.206200000131503,38.880733300975415,22.2487488517358,0.7251953592034633,2700.09375,0.0
4k.jpg,720p_jpg_fast,jpg,720,fast,4G_Mobile,90.314453125,6.562900000062655,120.55816650390626,8.206200000131503,135.32726650410044,22.2487488517358,0.7251953592034633,2700.09375,0.0
4k.jpg,720p_jpg_fast,jpg,720,fast,IoT_Narrowband,90.314453125,6.562900000062655,1611.163330078125,8.206200000131503,1625.9324300783192,22.2487488517358,0.7251953592034633,2700.09375,0.0
4k.jpg,720p_jpg_high,jpg,720,high,Broadband_WiFi,607.021484375,11.31359999999404,104.84710693359374,17.684500000541448,133.8452069341292,35.123080212240694,0.9777914036219485,2700.09375,0.0
4k.jpg,720p_jpg_high,jpg,720,high,4G_Mobile,607.021484375,11.31359999999404,524.2355346679688,17.684500000541448,553.2336346685042,35.123080212240694,0.9777914036219485,2700.09375,0.0
4k.jpg,720p_jpg_high,jpg,720,high,IoT_Narrowband,607.021484375,11.31359999999404,9684.710693359375,17.684500000541448,9713.70879335991,35.123080212240694,0.9777914036219485,2700.09375,0.0
4k.jpg,720p_webp_fast,webp,720,fast,Broadband_WiFi,185.28515625,172.54419999881065,38.9508056640625,27.573199999096687,239.06820566196984,28.766542792689222,0.9181266030855094,2700.09375,91.9
4k.jpg,720p_webp_fast,webp,720,fast,4G_Mobile,185.28515625,172.54419999881065,194.75402832031253,27.573199999096687,394.87142831821984,28.766542792689222,0.9181266030855094,2700.09375,91.9
4k.jpg,720p_webp_fast,webp,720,fast,IoT_Narrowband,185.28515625,172.54419999881065,3095.08056640625,27.573199999096687,3295.1979664041573,28.766542792689222,0.9181266030855094,2700.09375,91.9
4k.jpg,720p_webp_high,webp,720,high,Broadband_WiFi,431.576171875,293.4177000006457,77.43377685546875,64.04920000022685,434.9006768563413,34.89641036456854,0.9781734813501638,2700.09375,100.0
4k.jpg,720p_webp_high,webp,720,high,4G_Mobile,431.576171875,293.4177000006457,387.16888427734375,64.04920000022685,744.6357842782163,34.89641036456854,0.9781734813501638,2700.09375,100.0
4k.jpg,720p_webp_high,webp,720,high,IoT_Narrowband,431.576171875,293.4177000006457,6943.377685546875,64.04920000022685,7300.844585547748,34.89641036456854,0.9781734813501638,2700.09375,100.0
4k.jpg,1080p_jpg_fast,jpg,1080,fast,Broadband_WiFi,192.8857421875,15.582299998641247,40.138397216796875,23.4956999993301,79.21639721476822,23.035181609868197,0.7465765657391578,6075.09375,97.7
4k.jpg,1080p_jpg_fast,jpg,1080,fast,4G_Mobile,192.8857421875,15.582299998641247,200.69198608398438,23.4956999993301,239.76998608195572,23.035181609868197,0.7465765657391578,6075.09375,97.7
4k.jpg,1080p_jpg_fast,jpg,1080,fast,IoT_Narrowband,192.8857421875,15.582299998641247,3213.8397216796875,23.4956999993301,3252.917721677659,23.035181609868197,0.7465765657391578,6075.09375,97.7
4k.jpg,1080p_jpg_high,jpg,1080,high,Broadband_WiFi,1307.064453125,49.7598999991169,214.22882080078125,41.272399999797926,305.2611207996961,36.61586805501618,0.9801794330530963,6075.09375,99.7
4k.jpg,1080p_jpg_high,jpg,1080,high,4G_Mobile,1307.064453125,49.7598999991169,1071.1441040039062,41.272399999797926,1162.176404002821,36.61586805501618,0.9801794330530963,6075.09375,99.7
4k.jpg,1080p_jpg_high,jpg,1080,high,IoT_Narrowband,1307.064453125,49.7598999991169,20622.882080078125,41.272399999797926,20713.91438007704,36.61586805501618,0.9801794330530963,6075.09375,99.7
4k.jpg,1080p_webp_fast,webp,1080,fast,Broadband_WiFi,380.828125,650.1846000010119,69.50439453125,89.37150000019756,809.0604945324594,29.15537408921573,0.9155985507726737,6075.09375,102.5
4k.jpg,1080p_webp_fast,webp,1080,fast,4G_Mobile,380.828125,650.1846000010119,347.52197265625,89.37150000019756,1087.0780726574594,29.15537408921573,0.9155985507726737,6075.09375,102.5
4k.jpg,1080p_webp_fast,webp,1080,fast,IoT_Narrowband,380.828125,650.1846000010119,6150.439453125,89.37150000019756,6889.995553126209,29.15537408921573,0.9155985507726737,6075.09375,102.5
4k.jpg,1080p_webp_high,webp,1080,high,Broadband_WiFi,925.822265625,640.8929999997781,154.65972900390625,117.28469999980007,912.8374290034844,36.30757631340928,0.9803680740121289,6075.09375,97.5
4k.jpg,1080p_webp_high,webp,1080,high,4G_Mobile,925.822265625,640.8929999997781,773.2986450195312,117.28469999980007,1531.4763450191094,36.30757631340928,0.9803680740121289,6075.09375,97.5
4k.jpg,1080p_webp_high,webp,1080,high,IoT_Narrowband,925.822265625,640.8929999997781,14665.972900390625,117.28469999980007,15424.150600390203,36.30757631340928,0.9803680740121289,6075.09375,97.5
booktext.jpg,480p_jpg_fast,jpg,480,fast,Broadband_WiFi,15.642578125,3.1268000002455665,12.44415283203125,3.7229999998089625,19.29395283208578,30.07841743043343,0.8893908123495192,900.09375,0.0
booktext.jpg,480p_jpg_fast,jpg,480,fast,4G_Mobile,15.642578125,3.1268000002455665,62.22076416015626,3.7229999998089625,69.0705641602108,30.07841743043343,0.8893908123495192,900.09375,0.0
booktext.jpg,480p_jpg_fast,jpg,480,fast,IoT_Narrowband,15.642578125,3.1268000002455665,444.415283203125,3.7229999998089625,451.26508320317953,30.07841743043343,0.8893908123495192,900.09375,0.0
booktext.jpg,480p_jpg_high,jpg,480,high,Broadband_WiFi,92.6376953125,3.1906999993225327,24.474639892578125,3.340799999932642,31.0061398918333,41.49121505810227,0.9840910281512194,900.09375,0.0
booktext.jpg,480p_jpg_high,jpg,480,high,4G_Mobile,92.6376953125,3.1906999993225327,122.37319946289062,3.340799999932642,128.9046994621458,41.49121505810227,0.9840910281512194,900.09375,0.0
booktext.jpg,480p_jpg_high,jpg,480,high,IoT_Narrowband,92.6376953125,3.1906999993225327,1647.4639892578125,3.340799999932642,1653.9954892570677,41.49121505810227,0.9840910281512194,900.09375,0.0
booktext.jpg,480p_webp_fast,webp,480,fast,Broadband_WiFi,16.42578125,78.69960000061837,12.5665283203125,7.814000000507804,99.08012832143866,34.28264879862209,0.9461967467999125,900.09375,83.1
booktext.jpg,480p_webp_fast,webp,480,fast,4G_Mobile,16.42578125,78.69960000061837,62.8326416015625,7.814000000507804,149.34624160268868,34.28264879862209,0.9461967467999125,900.09375,83.1
booktext.jpg,480p_webp_fast,webp,480,fast,IoT_Narrowband,16.42578125,78.69960000061837,456.65283203125,7.814000000507804,543.1664320323762,34.28264879862209,0.9461967467999125,900.09375,83.1
booktext.jpg,480p_webp_high,webp,480,high,Broadband_WiFi,44.62890625,77.62739999998303,16.973266601562504,11.414300000978983,106.01496660252452,40.59873209685283,0.9796430848860901,900.09375,100.2
booktext.jpg,480p_webp_high,webp,480,high,4G_Mobile,44.62890625,77.62739999998303,84.8663330078125,11.414300000978983,173.9080330087745,40.59873209685283,0.9796430848860901,900.09375,100.2
booktext.jpg,480p_webp_high,webp,480,high,IoT_Narrowband,44.62890625,77.62739999998303,897.32666015625,11.414300000978983,986.368360157212,40.59873209685283,0.9796430848860901,900.09375,100.2
booktext.jpg,720p_jpg_fast,jpg,720,fast,Broadband_WiFi,35.98046875,7.233599999381113,15.6219482421875,10.064199999760604,32.919748241329216,33.31238663273669,0.9353461943009251,2700.09375,0.0
booktext.jpg,720p_jpg_fast,jpg,720,fast,4G_Mobile,35.98046875,7.233599999381113,78.1097412109375,10.064199999760604,95.40754121007922,33.31238663273669,0.9353461943009251,2700.09375,0.0
booktext.jpg,720p_jpg_fast,jpg,720,fast,IoT_Narrowband,35.98046875,7.233599999381113,762.19482421875,10.064199999760604,779.4926242178917,33.31238663273669,0.9353461943009251,2700.09375,0.0
booktext.jpg,720p_jpg_high,jpg,720,high,Broadband_WiFi,211.5048828125,11.7394000008062,43.047637939453125,14.868800000840565,69.65583794109989,43.112320558349396,0.9869891286344855,2700.09375,0.0
booktext.jpg,720p_jpg_high,jpg,720,high,4G_Mobile,211.5048828125,11.7394000008062,215.2381896972656,14.868800000840565,241.84638969891236,43.112320558349396,0.9869891286344855,2700.09375,0.0
booktext.jpg,720p_jpg_high,jpg,720,high,IoT_Narrowband,211.5048828125,11.7394000008062,3504.7637939453125,14.868800000840565,3531.3719939469593,43.112320558349396,0.9869891286344855,2700.09375,0.0
booktext.jpg,720p_webp_fast,webp,720,fast,Broadband_WiFi,30.046875,308.7699999996403,14.69482421875,19.62680000178807,343.09162422017835,36.17957707940268,0.9619895637123378,2700.09375,75.1
booktext.jpg,720p_webp_fast,webp,720,fast,4G_Mobile,30.046875,308.7699999996403,73.47412109375001,19.62680000178807,401.87092109517835,36.17957707940268,0.9619895637123378,2700.09375,75.1
booktext.jpg,720p_webp_fast,webp,720,fast,IoT_Narrowband,30.046875,308.7699999996403,669.482421875,19.62680000178807,997.8792218764283,36.17957707940268,0.9619895637123378,2700.09375,75.1
booktext.jpg,720p_webp_high,webp,720,high,Broadband_WiFi,89.908203125,322.14179999937187,24.04815673828125,40.160099999411614,386.35005673706473,41.78506010878773,0.9816708211845219,2700.09375,100.0
booktext.jpg,720p_webp_high,webp,720,high,4G_Mobile,89.908203125,322.14179999937187,120.24078369140625,40.160099999411614,482.54268369018973,41.78506010878773,0.9816708211845219,2700.09375,100.0
booktext.jpg,720p_webp_high,webp,720,high,IoT_Narrowband,89.908203125,322.14179999937187,1604.815673828125,40.160099999411614,1967.1175738269085,41.78506010878773,0.9816708211845219,2700.09375,100.0
booktext.jpg,1080p_jpg_fast,jpg,1080,fast,Broadband_WiFi,66.5859375,44.61330000049202,20.404052734375,30.692299998918315,95.70965273378533,35.32543481624086,0.9516286886253451,6075.09375,0.0
booktext.jpg,1080p_jpg_fast,jpg,1080,fast,4G_Mobile,66.5859375,44.61330000049202,102.020263671875,30.692299998918315,177.32586367128533,35.32543481624086,0.9516286886253451,6075.09375,0.0
booktext.jpg,1080p_jpg_fast,jpg,1080,fast,IoT_Narrowband,66.5859375,44.61330000049202,1240.4052734375,30.692299998918315,1315.7108734369103,35.32543481624086,0.9516286886253451,6075.09375,0.0
booktext.jpg,1080p_jpg_high,jpg,1080,high,Broadband_WiFi,398.0732421875,31.23539999978675,72.19894409179688,38.589199999478296,142.02354409106195,44.82358800450089,0.9890934561761601,6075.09375,97.7
booktext.jpg,1080p_jpg_high,jpg,1080,high,4G_Mobile,398.0732421875,31.23539999978675,360.9947204589843,38.589199999478296,430.81932045824936,44.82358800450089,0.9890934561761601,6075.09375,97.7
booktext.jpg,1080p_jpg_high,jpg,1080,high,IoT_Narrowband,398.0732421875,31.23539999978675,6419.8944091796875,38.589199999478296,6489.719009178953,44.82358800450089,0.9890934561761601,6075.09375,97.7
booktext.jpg,1080p_webp_fast,webp,1080,fast,Broadband_WiFi,45.25390625,216.4749000003212,17.0709228515625,27.857299999595853,261.4031228514796,37.34028032547404,0.9678975564816831,6075.09375,99.9
booktext.jpg,1080p_webp_fast,webp,1080,fast,4G_Mobile,45.25390625,216.4749000003212,85.3546142578125,27.857299999595853,329.68681425772957,37.34028032547404,0.9678975564816831,6075.09375,99.9
booktext.jpg,1080p_webp_fast,webp,1080,fast,IoT_Narrowband,45.25390625,216.4749000003212,907.09228515625,27.857299999595853,1151.424485156167,37.34028032547404,0.9678975564816831,6075.09375,99.9
booktext.jpg,1080p_webp_high,webp,1080,high,Broadband_WiFi,151.484375,369.14080000133254,33.66943359375,36.06659999968542,438.87683359476796,42.941773545204484,0.9832839732615688,6075.09375,100.0
booktext.jpg,1080p_webp_high,webp,1080,high,4G_Mobile,151.484375,369.14080000133254,168.34716796875,36.06659999968542,573.554567969768,42.941773545204484,0.9832839732615688,6075.09375,100.0
booktext.jpg,1080p_webp_high,webp,1080,high,IoT_Narrowband,151.484375,369.14080000133254,2566.943359375,36.06659999968542,2972.150759376018,42.941773545204484,0.9832839732615688,6075.09375,100.0
nighttown.jpg,480p_jpg_fast,jpg,480,fast,Broadband_WiFi,22.1162109375,4.906199999823002,13.455657958984375,5.019299998821225,23.381157957628602,23.093747027926476,0.751233518617937,900.09375,0.0
nighttown.jpg,480p_jpg_fast,jpg,480,fast,4G_Mobile,22.1162109375,4.906199999823002,67.27828979492188,5.019299998821225,77.2037897935661,23.093747027926476,0.751233518617937,900.09375,0.0
nighttown.jpg,480p_jpg_fast,jpg,480,fast,IoT_Narrowband,22.1162109375,4.906199999823002,545.5657958984375,5.019299998821225,555.4912958970817,23.093747027926476,0.751233518617937,900.09375,0.0
nighttown.jpg,480p_jpg_high,jpg,480,high,Broadband_WiFi,137.92578125,7.105200000296463,31.550903320312496,9.142200000496814,47.79830332110578,30.099862069409507,0.9562402117040504,900.09375,0.0
nighttown.jpg,480p_jpg_high,jpg,480,high,4G_Mobile,137.92578125,7.105200000296463,157.7545166015625,9.142200000496814,174.00191660235578,30.099862069409507,0.9562402117040504,900.09375,0.0
nighttown.jpg,480p_jpg_high,jpg,480,high,IoT_Narrowband,137.92578125,7.105200000296463,2355.09033203125,9.142200000496814,2371.3377320320433,30.099862069409507,0.9562402117040504,900.09375,0.0
nighttown.jpg,480p_webp_fast,webp,480,fast,Broadband_WiFi,32.787109375,85.02300000145624,15.12298583984375,11.391399999411078,111.53738584071107,27.108470676165123,0.9016006156210973,900.09375,66.5
nighttown.jpg,480p_webp_fast,webp,480,fast,4G_Mobile,32.787109375,85.02300000145624,75.61492919921875,11.391399999411078,172.02932920008607,27.108470676165123,0.9016006156210973,900.09375,66.5
nighttown.jpg,480p_webp_fast,webp,480,fast,IoT_Narrowband,32.787109375,85.02300000145624,712.298583984375,11.391399999411078,808.7129839852423,27.108470676165123,0.9016006156210973,900.09375,66.5
nighttown.jpg,480p_webp_high,webp,480,high,Broadband_WiFi,80.7734375,104.3190999989747,22.620849609375,18.332299998292,145.2722496066417,29.91630266097545,0.9476804898063941,900.09375,116.4
nighttown.jpg,480p_webp_high,webp,480,high,4G_Mobile,80.7734375,104.3190999989747,113.10424804687501,18.332299998292,235.75564804414174,29.91630266097545,0.9476804898063941,900.09375,116.4
nighttown.jpg,480p_webp_high,webp,480,high,IoT_Narrowband,80.7734375,104.3190999989747,1462.0849609375,18.332299998292,1584.7363609347667,29.91630266097545,0.9476804898063941,900.09375,116.4
nighttown.jpg,720p_jpg_fast,jpg,720,fast,Broadband_WiFi,57.435546875,9.464300001127413,18.97430419921875,9.990399999878719,38.42900420022488,24.428545353329277,0.768312493332779,2700.09375,0.0
nighttown.jpg,720p_jpg_fast,jpg,720,fast,4G_Mobile,57.435546875,9.464300001127413,94.87152099609375,9.990399999878719,114.32622099709988,24.428545353329277,0.768312493332779,2700.09375,0.0
nighttown.jpg,720p_jpg_fast,jpg,720,fast,IoT_Narrowband,57.435546875,9.464300001127413,1097.430419921875,9.990399999878719,1116.8851199228811,24.428545353329277,0.768312493332779,2700.09375,0.0
nighttown.jpg,720p_jpg_high,jpg,720,high,Broadband_WiFi,363.62890625,13.539500001570559,66.8170166015625,16.52509999985341,96.88161660298647,31.82147706761096,0.96285111546892,2700.09375,97.7
nighttown.jpg,720p_jpg_high,jpg,720,high,4G_Mobile,363.62890625,13.539500001570559,334.0850830078125,16.52509999985341,364.14968300923647,31.82147706761096,0.96285111546892,2700.09375,97.7
nighttown.jpg,720p_jpg_high,jpg,720,high,IoT_Narrowband,363.62890625,13.539500001570559,5881.70166015625,16.52509999985341,5911.766260157674,31.82147706761096,0.96285111546892,2700.09375,97.7
nighttown.jpg,720p_webp_fast,webp,720,fast,Broadband_WiFi,82.02734375,198.19730000017444,22.816772460937504,18.919699999969453,239.9337724610814,28.40829528693625,0.9064199964730718,2700.09375,100.1
nighttown.jpg,720p_webp_fast,webp,720,fast,4G_Mobile,82.02734375,198.19730000017444,114.0838623046875,18.919699999969453,331.2008623048314,28.40829528693625,0.9064199964730718,2700.09375,100.1
nighttown.jpg,720p_webp_fast,webp,720,fast,IoT_Narrowband,82.02734375,198.19730000017444,1481.67724609375,18.919699999969453,1698.794246093894,28.40829528693625,0.9064199964730718,2700.09375,100.1
nighttown.jpg,720p_webp_high,webp,720,high,Broadband_WiFi,208.9140625,242.42570000023989,42.64282226562501,36.32789999937813,321.396422265243,31.633232963778806,0.9544190706658799,2700.09375,106.8
nighttown.jpg,720p_webp_high,webp,720,high,4G_Mobile,208.9140625,242.42570000023989,213.214111328125,36.32789999937813,491.967711327743,31.633232963778806,0.9544190706658799,2700.09375,106.8
nighttown.jpg,720p_webp_high,webp,720,high,IoT_Narrowband,208.9140625,242.42570000023989,3464.2822265625,36.32789999937813,3743.035826562118,31.633232963778806,0.9544190706658799,2700.09375,106.8
nighttown.jpg,1080p_jpg_fast,jpg,1080,fast,Broadband_WiFi,116.7265625,32.1739000009984,28.238525390624996,37.31479999987641,97.7272253914998,25.61638118646095,0.7852275468353699,6075.09375,100.8
nighttown.jpg,1080p_jpg_fast,jpg,1080,fast,4G_Mobile,116.7265625,32.1739000009984,141.192626953125,37.31479999987641,210.68132695399981,25.61638118646095,0.7852275468353699,6075.09375,100.8
nighttown.jpg,1080p_jpg_fast,jpg,1080,fast,IoT_Narrowband,116.7265625,32.1739000009984,2023.8525390625002,37.31479999987641,2093.341239063375,25.61638118646095,0.7852275468353699,6075.09375,100.8
nighttown.jpg,1080p_jpg_high,jpg,1080,high,Broadband_WiFi,734.109375,72.08069999978761,124.70458984374999,63.1455000002461,259.9307898437837,33.80932686043249,0.9704798678759946,6075.09375,60.1
nighttown.jpg,1080p_jpg_high,jpg,1080,high,4G_Mobile,734.109375,72.08069999978761,623.5229492187501,63.1455000002461,758.7491492187838,33.80932686043249,0.9704798678759946,6075.09375,60.1
nighttown.jpg,1080p_jpg_high,jpg,1080,high,IoT_Narrowband,734.109375,72.08069999978761,11670.458984375,63.1455000002461,11805.685184375034,33.80932686043249,0.9704798678759946,6075.09375,60.1
nighttown.jpg,1080p_webp_fast,webp,1080,fast,Broadband_WiFi,155.78125,551.5593000000081,34.3408203125,63.60510000013164,649.5052203126397,29.611390311934862,0.9127925749987239,6075.09375,88.8
nighttown.jpg,1080p_webp_fast,webp,1080,fast,4G_Mobile,155.78125,551.5593000000081,171.7041015625,63.60510000013164,786.8685015626397,29.611390311934862,0.9127925749987239,6075.09375,88.8
nighttown.jpg,1080p_webp_fast,webp,1080,fast,IoT_Narrowband,155.78125,551.5593000000081,2634.08203125,63.60510000013164,3249.2464312501397,29.611390311934862,0.9127925749987239,6075.09375,88.8
nighttown.jpg,1080p_webp_high,webp,1080,high,Broadband_WiFi,414.384765625,604.7147999997833,74.74761962890625,93.6426999996911,773.1051196283806,33.585903217477316,0.9619390205530408,6075.09375,97.3
nighttown.jpg,1080p_webp_high,webp,1080,high,4G_Mobile,414.384765625,604.7147999997833,373.73809814453125,93.6426999996911,1072.0955981440056,33.585903217477316,0.9619390205530408,6075.09375,97.3
nighttown.jpg,1080p_webp_high,webp,1080,high,IoT_Narrowband,414.384765625,604.7147999997833,6674.761962890625,93.6426999996911,7373.119462890099,33.585903217477316,0.9619390205530408,6075.09375,97.3
portrait.jpg,480p_jpg_fast,jpg,480,fast,Broadband_WiFi,23.046875,3.013499999724445,13.60107421875,3.9888999999675434,20.603474218441992,27.26477365220239,0.8087071434297517,900.09375,0.0
portrait.jpg,480p_jpg_fast,jpg,480,fast,4G_Mobile,23.046875,3.013499999724445,68.00537109375,3.9888999999675434,75.00777109344199,27.26477365220239,0.8087071434297517,900.09375,0.0
portrait.jpg,480p_jpg_fast,jpg,480,fast,IoT_Narrowband,23.046875,3.013499999724445,560.107421875,3.9888999999675434,567.109821874692,27.26477365220239,0.8087071434297517,900.09375,0.0
portrait.jpg,480p_jpg_high,jpg,480,high,Broadband_WiFi,165.0390625,8.442600001217215,35.787353515625,8.210900001358823,52.44085351820104,37.48122982322593,0.9699539625611253,900.09375,0.0
portrait.jpg,480p_jpg_high,jpg,480,high,4G_Mobile,165.0390625,8.442600001217215,178.936767578125,8.210900001358823,195.59026758070104,37.48122982322593,0.9699539625611253,900.09375,0.0
portrait.jpg,480p_jpg_high,jpg,480,high,IoT_Narrowband,165.0390625,8.442600001217215,2778.7353515625,8.210900001358823,2795.388851565076,37.48122982322593,0.9699539625611253,900.09375,0.0
portrait.jpg,480p_webp_fast,webp,480,fast,Broadband_WiFi,33.376953125,84.94380000047386,15.21514892578125,9.61740000093414,109.77634892718925,30.09666044189106,0.8836590519816081,900.09375,83.1
portrait.jpg,480p_webp_fast,webp,480,fast,4G_Mobile,33.376953125,84.94380000047386,76.07574462890626,9.61740000093414,170.63694463031425,30.09666044189106,0.8836590519816081,900.09375,83.1
portrait.jpg,480p_webp_fast,webp,480,fast,IoT_Narrowband,33.376953125,84.94380000047386,721.514892578125,9.61740000093414,816.076092579533,30.09666044189106,0.8836590519816081,900.09375,83.1
portrait.jpg,480p_webp_high,webp,480,high,Broadband_WiFi,109.826171875,127.59069999992789,27.16033935546875,21.398599999884027,176.14963935528067,37.026558350452596,0.9691662201884181,900.09375,88.7
portrait.jpg,480p_webp_high,webp,480,high,4G_Mobile,109.826171875,127.59069999992789,135.80169677734378,21.398599999884027,284.79099677715567,37.026558350452596,0.9691662201884181,900.09375,88.7
portrait.jpg,480p_webp_high,webp,480,high,IoT_Narrowband,109.826171875,127.59069999992789,1916.033935546875,21.398599999884027,2065.023235546687,37.026558350452596,0.9691662201884181,900.09375,88.7
portrait.jpg,720p_jpg_fast,jpg,720,fast,Broadband_WiFi,56.4326171875,16.662399999404442,18.817596435546875,18.065599999317783,53.5455964342691,29.27836690544503,0.8326081979631698,2700.09375,97.7
portrait.jpg,720p_jpg_fast,jpg,720,fast,4G_Mobile,56.4326171875,16.662399999404442,94.08798217773438,18.065599999317783,128.8159821764566,29.27836690544503,0.8326081979631698,2700.09375,97.7
portrait.jpg,720p_jpg_fast,jpg,720,fast,IoT_Narrowband,56.4326171875,16.662399999404442,1081.7596435546875,18.065599999317783,1116.4876435534097,29.27836690544503,0.8326081979631698,2700.09375,97.7
portrait.jpg,720p_jpg_high,jpg,720,high,Broadband_WiFi,414.7333984375,24.953899999673013,74.80209350585938,31.33909999996831,131.0950935055007,39.692456201726685,0.9747433746674005,2700.09375,50.4
portrait.jpg,720p_jpg_high,jpg,720,high,4G_Mobile,414.7333984375,24.953899999673013,374.0104675292968,31.33909999996831,430.30346752893814,39.692456201726685,0.9747433746674005,2700.09375,50.4
portrait.jpg,720p_jpg_high,jpg,720,high,IoT_Narrowband,414.7333984375,24.953899999673013,6680.2093505859375,31.33909999996831,6736.502350585579,39.692456201726685,0.9747433746674005,2700.09375,50.4
portrait.jpg,720p_webp_fast,webp,720,fast,Broadband_WiFi,71.16796875,302.2639999999228,21.1199951171875,38.48970000035479,361.8736951174651,31.783310778229698,0.8865395771439429,2700.09375,105.2
portrait.jpg,720p_webp_fast,webp,720,fast,4G_Mobile,71.16796875,302.2639999999228,105.5999755859375,38.48970000035479,446.3536755862151,31.783310778229698,0.8865395771439429,2700.09375,105.2
portrait.jpg,720p_webp_fast,webp,720,fast,IoT_Narrowband,71.16796875,302.2639999999228,1311.99951171875,38.48970000035479,1652.7532117190276,31.783310778229698,0.8865395771439429,2700.09375,105.2
portrait.jpg,720p_webp_high,webp,720,high,Broadband_WiFi,252.3515625,465.7210000004852,49.429931640625,92.41920000022219,607.5701316413324,38.74763384837228,0.9703791324140244,2700.09375,90.0
portrait.jpg,720p_webp_high,webp,720,high,4G_Mobile,252.3515625,465.7210000004852,247.149658203125,92.41920000022219,805.2898582038324,38.74763384837228,0.9703791324140244,2700.09375,90.0
portrait.jpg,720p_webp_high,webp,720,high,IoT_Narrowband,252.3515625,465.7210000004852,4142.9931640625,92.41920000022219,4701.133364063207,38.74763384837228,0.9703791324140244,2700.09375,90.0
portrait.jpg,1080p_jpg_fast,jpg,1080,fast,Broadband_WiFi,108.9111328125,35.77669999867794,27.01736450195313,34.34489999926882,97.1389644998999,30.966346223796574,0.853154010283736,6075.09375,100.8
portrait.jpg,1080p_jpg_fast,jpg,1080,fast,4G_Mobile,108.9111328125,35.77669999867794,135.08682250976562,34.34489999926882,205.20842250771238,30.966346223796574,0.853154010283736,6075.09375,100.8
portrait.jpg,1080p_jpg_fast,jpg,1080,fast,IoT_Narrowband,108.9111328125,35.77669999867794,1901.7364501953125,34.34489999926882,1971.8580501932593,30.966346223796574,0.853154010283736,6075.09375,100.8
portrait.jpg,1080p_jpg_high,jpg,1080,high,Broadband_WiFi,791.0439453125,49.660999999105115,133.60061645507812,52.627199998823926,235.88881645300717,41.67164892834726,0.9800080724760227,6075.09375,101.9
portrait.jpg,1080p_jpg_high,jpg,1080,high,4G_Mobile,791.0439453125,49.660999999105115,668.0030822753906,52.627199998823926,770.2912822733197,41.67164892834726,0.9800080724760227,6075.09375,101.9
portrait.jpg,1080p_jpg_high,jpg,1080,high,IoT_Narrowband,791.0439453125,49.660999999105115,12560.061645507812,52.627199998823926,12662.349845505742,41.67164892834726,0.9800080724760227,6075.09375,101.9
portrait.jpg,1080p_webp_fast,webp,1080,fast,Broadband_WiFi,121.3671875,451.6743999993196,28.963623046874996,49.83610000090266,530.4741230470972,33.17946514168766,0.8954827453934162,6075.09375,100.0
portrait.jpg,1080p_webp_fast,webp,1080,fast,4G_Mobile,121.3671875,451.6743999993196,144.818115234375,49.83610000090266,646.3286152345972,33.17946514168766,0.8954827453934162,6075.09375,100.0
portrait.jpg,1080p_webp_fast,webp,1080,fast,IoT_Narrowband,121.3671875,451.6743999993196,2096.3623046875,49.83610000090266,2597.8728046877222,33.17946514168766,0.8954827453934162,6075.09375,100.0
portrait.jpg,1080p_webp_high,webp,1080,high,Broadband_WiFi,455.58984375,524.749600001087,81.18591308593749,78.0443000003288,683.9798130873533,40.174217918615625,0.9733430350938747,6075.09375,96.9
portrait.jpg,1080p_webp_high,webp,1080,high,4G_Mobile,455.58984375,524.749600001087,405.9295654296875,78.0443000003288,1008.7234654311033,40.174217918615625,0.9733430350938747,6075.09375,96.9
portrait.jpg,1080p_webp_high,webp,1080,high,IoT_Narrowband,455.58984375,524.749600001087,7318.59130859375,78.0443000003288,7921.385208595166,40.174217918615625,0.9733430350938747,6075.09375,96.9
sunset.jpg,480p_jpg_fast,jpg,480,fast,Broadband_WiFi,5.8857421875,3.9906999991217162,10.919647216796875,4.20279999889317,19.11314721481176,38.767896418221135,0.953521124636649,900.09375,0.0
sunset.jpg,480p_jpg_fast,jpg,480,fast,4G_Mobile,5.8857421875,3.9906999991217162,54.598236083984375,4.20279999889317,62.791736081999254,38.767896418221135,0.953521124636649,900.09375,0.0
sunset.jpg,480p_jpg_fast,jpg,480,fast,IoT_Narrowband,5.8857421875,3.9906999991217162,291.9647216796875,4.20279999889317,300.1582216777024,38.767896418221135,0.953521124636649,900.09375,0.0
sunset.jpg,480p_jpg_high,jpg,480,high,Broadband_WiFi,28.5224609375,5.866899999091402,14.456634521484377,4.605200001606136,24.928734522181912,49.4804505249664,0.9887971067749909,900.09375,0.0
sunset.jpg,480p_jpg_high,jpg,480,high,4G_Mobile,28.5224609375,5.866899999091402,72.28317260742188,4.605200001606136,82.75527260811941,49.4804505249664,0.9887971067749909,900.09375,0.0
sunset.jpg,480p_jpg_high,jpg,480,high,IoT_Narrowband,28.5224609375,5.866899999091402,645.6634521484375,4.605200001606136,656.135552149135,49.4804505249664,0.9887971067749909,900.09375,0.0
sunset.jpg,480p_webp_fast,webp,480,fast,Broadband_WiFi,1.77734375,64.13350000002538,10.277709960937502,5.813300000227173,80.22450996119005,43.54768978233973,0.9772396379181293,900.09375,124.0
sunset.jpg,480p_webp_fast,webp,480,fast,4G_Mobile,1.77734375,64.13350000002538,51.3885498046875,5.813300000227173,121.33534980494005,43.54768978233973,0.9772396379181293,900.09375,124.0
sunset.jpg,480p_webp_fast,webp,480,fast,IoT_Narrowband,1.77734375,64.13350000002538,227.77099609375,5.813300000227173,297.71779609400255,43.54768978233973,0.9772396379181293,900.09375,124.0
sunset.jpg,480p_webp_high,webp,480,high,Broadband_WiFi,4.876953125,77.12159999937285,10.76202392578125,9.65619999988121,97.53982392503531,46.68749103870426,0.9831506121774121,900.09375,98.9
sunset.jpg,480p_webp_high,webp,480,high,4G_Mobile,4.876953125,77.12159999937285,53.81011962890625,9.65619999988121,140.5879196281603,46.68749103870426,0.9831506121774121,900.09375,98.9
sunset.jpg,480p_webp_high,webp,480,high,IoT_Narrowband,4.876953125,77.12159999937285,276.202392578125,9.65619999988121,362.98019257737906,46.68749103870426,0.9831506121774121,900.09375,98.9
sunset.jpg,720p_jpg_fast,jpg,720,fast,Broadband_WiFi,15.6923828125,11.130400000183727,12.451934814453125,9.44809999964491,33.03043481428176,39.068746076497085,0.9647639731618042,2700.09375,0.0
sunset.jpg,720p_jpg_fast,jpg,720,fast,4G_Mobile,15.6923828125,11.130400000183727,62.259674072265625,9.44809999964491,82.83817407209426,39.068746076497085,0.9647639731618042,2700.09375,0.0
sunset.jpg,720p_jpg_fast,jpg,720,fast,IoT_Narrowband,15.6923828125,11.130400000183727,445.1934814453125,9.44809999964491,465.77198144514114,39.068746076497085,0.9647639731618042,2700.09375,0.0
sunset.jpg,720p_jpg_high,jpg,720,high,Broadband_WiFi,80.0185546875,8.252100000390783,22.502899169921875,9.804899998925976,40.55989916923863,50.24238705675259,0.9906049250233763,2700.09375,0.0
sunset.jpg,720p_jpg_high,jpg,720,high,4G_Mobile,80.0185546875,8.252100000390783,112.51449584960938,9.804899998925976,130.57149584892613,50.24238705675259,0.9906049250233763,2700.09375,0.0
sunset.jpg,720p_jpg_high,jpg,720,high,IoT_Narrowband,80.0185546875,8.252100000390783,1450.2899169921875,9.804899998925976,1468.3469169915043,50.24238705675259,0.9906049250233763,2700.09375,0.0
sunset.jpg,720p_webp_fast,webp,720,fast,Broadband_WiFi,4.15234375,140.5018999994354,10.6488037109375,14.671999999336549,165.82270370970946,44.20394791279883,0.9810355467135209,2700.09375,100.4
sunset.jpg,720p_webp_fast,webp,720,fast,4G_Mobile,4.15234375,140.5018999994354,53.2440185546875,14.671999999336549,208.41791855345946,44.20394791279883,0.9810355467135209,2700.09375,100.4
sunset.jpg,720p_webp_fast,webp,720,fast,IoT_Narrowband,4.15234375,140.5018999994354,264.88037109375,14.671999999336549,420.05427109252196,44.20394791279883,0.9810355467135209,2700.09375,100.4
sunset.jpg,720p_webp_high,webp,720,high,Broadband_WiFi,12.41015625,193.08759999876202,11.9390869140625,14.211400000931462,219.23808691375598,47.221174626273225,0.9857815503431699,2700.09375,100.3
sunset.jpg,720p_webp_high,webp,720,high,4G_Mobile,12.41015625,193.08759999876202,59.69543457031251,14.211400000931462,266.994434570006,47.221174626273225,0.9857815503431699,2700.09375,100.3
sunset.jpg,720p_webp_high,webp,720,high,IoT_Narrowband,12.41015625,193.08759999876202,393.90869140625,14.211400000931462,601.2076914059435,47.221174626273225,0.9857815503431699,2700.09375,100.3
sunset.jpg,1080p_jpg_fast,jpg,1080,fast,Broadband_WiFi,33.8583984375,30.766600000788458,15.290374755859373,23.87540000017907,69.9323747568269,39.27119760345503,0.9729526731934834,6075.09375,97.7
sunset.jpg,1080p_jpg_fast,jpg,1080,fast,4G_Mobile,33.8583984375,30.766600000788458,76.45187377929688,23.87540000017907,131.0938737802644,39.27119760345503,0.9729526731934834,6075.09375,97.7
sunset.jpg,1080p_jpg_fast,jpg,1080,fast,IoT_Narrowband,33.8583984375,30.766600000788458,729.0374755859375,23.87540000017907,783.679475586905,39.27119760345503,0.9729526731934834,6075.09375,97.7
sunset.jpg,1080p_jpg_high,jpg,1080,high,Broadband_WiFi,175.2685546875,27.501000000484055,37.385711669921875,28.85459999924933,93.74131166965527,51.22104923949464,0.9924962607944611,6075.09375,100.8
sunset.jpg,1080p_jpg_high,jpg,1080,high,4G_Mobile,175.2685546875,27.501000000484055,186.92855834960938,28.85459999924933,243.28415834934276,51.22104923949464,0.9924962607944611,6075.09375,100.8
sunset.jpg,1080p_jpg_high,jpg,1080,high,IoT_Narrowband,175.2685546875,27.501000000484055,2938.5711669921875,28.85459999924933,2994.926766991921,51.22104923949464,0.9924962607944611,6075.09375,100.8
sunset.jpg,1080p_webp_fast,webp,1080,fast,Broadband_WiFi,7.642578125,278.46560000034515,11.19415283203125,15.561600001092302,305.2213528334687,44.88943115006245,0.9842082535499844,6075.09375,94.5
sunset.jpg,1080p_webp_fast,webp,1080,fast,4G_Mobile,7.642578125,278.46560000034515,55.97076416015626,15.561600001092302,349.9979641615937,44.88943115006245,0.9842082535499844,6075.09375,94.5
sunset.jpg,1080p_webp_fast,webp,1080,fast,IoT_Narrowband,7.642578125,278.46560000034515,319.415283203125,15.561600001092302,613.4424832045624,44.88943115006245,0.9842082535499844,6075.09375,94.5
sunset.jpg,1080p_webp_high,webp,1080,high,Broadband_WiFi,22.7265625,318.94610000017565,13.551025390625,23.762500000884756,356.2596253916854,47.654605087237755,0.9880131822273115,6075.09375,90.5
sunset.jpg,1080p_webp_high,webp,1080,high,4G_Mobile,22.7265625,318.94610000017565,67.755126953125,23.762500000884756,410.4637269541854,47.654605087237755,0.9880131822273115,6075.09375,90.5
sunset.jpg,1080p_webp_high,webp,1080,high,IoT_Narrowband,22.7265625,318.94610000017565,555.1025390625,23.762500000884756,897.8111390635604,47.654605087237755,0.9880131822273115,6075.09375,90.5
thickgrass.jpg,480p_jpg_fast,jpg,480,fast,Broadband_WiFi,15.1611328125,3.431200000704848,12.368927001953125,3.7295000001904555,19.529627002848432,29.644825005129114,0.8207487688819457,900.09375,0.0
thickgrass.jpg,480p_jpg_fast,jpg,480,fast,4G_Mobile,15.1611328125,3.431200000704848,61.844635009765625,3.7295000001904555,69.00533501066093,29.644825005129114,0.8207487688819457,900.09375,0.0
thickgrass.jpg,480p_jpg_fast,jpg,480,fast,IoT_Narrowband,15.1611328125,3.431200000704848,436.8927001953125,3.7295000001904555,444.0534001962078,29.644825005129114,0.8207487688819457,900.09375,0.0
thickgrass.jpg,480p_jpg_high,jpg,480,high,Broadband_WiFi,89.0673828125,4.411699999764096,23.91677856445312,4.316599999583559,32.64507856380078,37.82469088633019,0.9617499097898565,900.09375,0.0
thickgrass.jpg,480p_jpg_high,jpg,480,high,4G_Mobile,89.0673828125,4.411699999764096,119.58389282226562,4.316599999583559,128.31219282161328,37.82469088633019,0.9617499097898565,900.09375,0.0
thickgrass.jpg,480p_jpg_high,jpg,480,high,IoT_Narrowband,89.0673828125,4.411699999764096,1591.6778564453125,4.316599999583559,1600.4061564446602,37.82469088633019,0.9617499097898565,900.09375,0.0
thickgrass.jpg,480p_webp_fast,webp,480,fast,Broadband_WiFi,13.751953125,53.69470000005094,12.148742675781252,6.065700001272489,71.90914267710468,32.34692273627145,0.8922760399099895,900.09375,75.6
thickgrass.jpg,480p_webp_fast,webp,480,fast,4G_Mobile,13.751953125,53.69470000005094,60.74371337890625,6.065700001272489,120.50411338022968,32.34692273627145,0.8922760399099895,900.09375,75.6
thickgrass.jpg,480p_webp_fast,webp,480,fast,IoT_Narrowband,13.751953125,53.69470000005094,414.874267578125,6.065700001272489,474.63466757944843,32.34692273627145,0.8922760399099895,900.09375,75.6
thickgrass.jpg,480p_webp_high,webp,480,high,Broadband_WiFi,43.001953125,101.08209999998508,16.71905517578125,12.392000000545522,130.19315517631185,37.00965819972335,0.9526203351162228,900.09375,117.6
thickgrass.jpg,480p_webp_high,webp,480,high,4G_Mobile,43.001953125,101.08209999998508,83.59527587890625,12.392000000545522,197.06937587943685,37.00965819972335,0.9526203351162228,900.09375,117.6
thickgrass.jpg,480p_webp_high,webp,480,high,IoT_Narrowband,43.001953125,101.08209999998508,871.905517578125,12.392000000545522,985.3796175786556,37.00965819972335,0.9526203351162228,900.09375,117.6
thickgrass.jpg,720p_jpg_fast,jpg,720,fast,Broadband_WiFi,33.201171875,14.703800001370837,15.18768310546875,16.177700001207995,46.06918310804758,32.36081040434862,0.8673556293799892,2700.09375,104.2
thickgrass.jpg,720p_jpg_fast,jpg,720,fast,4G_Mobile,33.201171875,14.703800001370837,75.93841552734376,16.177700001207995,106.8199155299226,32.36081040434862,0.8673556293799892,2700.09375,104.2
thickgrass.jpg,720p_jpg_fast,jpg,720,fast,IoT_Narrowband,33.201171875,14.703800001370837,718.768310546875,16.177700001207995,749.6498105494538,32.36081040434862,0.8673556293799892,2700.09375,104.2
thickgrass.jpg,720p_jpg_high,jpg,720,high,Broadband_WiFi,195.6552734375,13.199900000472553,40.571136474609375,15.057699998578755,68.82873647366068,42.39197443779677,0.9779785589826785,2700.09375,0.0
thickgrass.jpg,720p_jpg_high,jpg,720,high,4G_Mobile,195.6552734375,13.199900000472553,202.85568237304685,15.057699998578755,231.11328237209815,42.39197443779677,0.9779785589826785,2700.09375,0.0
thickgrass.jpg,720p_jpg_high,jpg,720,high,IoT_Narrowband,195.6552734375,13.199900000472553,3257.1136474609375,15.057699998578755,3285.371247459989,42.39197443779677,0.9779785589826785,2700.09375,0.0
thickgrass.jpg,720p_webp_fast,webp,720,fast,Broadband_WiFi,25.7890625,182.39230000108364,14.029541015625,19.32409999972151,215.74594101643015,35.125537758904855,0.9239388432866558,2700.09375,100.3
thickgrass.jpg,720p_webp_fast,webp,720,fast,4G_Mobile,25.7890625,182.39230000108364,70.14770507812501,19.32409999972151,271.86410507893015,35.125537758904855,0.9239388432866558,2700.09375,100.3
thickgrass.jpg,720p_webp_fast,webp,720,fast,IoT_Narrowband,25.7890625,182.39230000108364,602.9541015625,19.32409999972151,804.6705015633052,35.125537758904855,0.9239388432866558,2700.09375,100.3
thickgrass.jpg,720p_webp_high,webp,720,high,Broadband_WiFi,80.85546875,214.24429999933636,22.633666992187504,25.221100000635488,262.09906699215935,40.63654374956216,0.9674177914172232,2700.09375,93.2
thickgrass.jpg,720p_webp_high,webp,720,high,4G_Mobile,80.85546875,214.24429999933636,113.1683349609375,25.221100000635488,352.63373496090935,40.63654374956216,0.9674177914172232,2700.09375,93.2
thickgrass.jpg,720p_webp_high,webp,720,high,IoT_Narrowband,80.85546875,214.24429999933636,1463.36669921875,25.221100000635488,1702.8320992187219,40.63654374956216,0.9674177914172232,2700.09375,93.2
thickgrass.jpg,1080p_jpg_fast,jpg,1080,fast,Broadband_WiFi,62.0107421875,21.8576999996003,19.689178466796875,21.265699999275967,62.81257846567315,34.02994674771092,0.8934950800366449,6075.09375,104.2
thickgrass.jpg,1080p_jpg_fast,jpg,1080,fast,4G_Mobile,62.0107421875,21.8576999996003,98.44589233398438,21.265699999275967,141.56929233286064,34.02994674771092,0.8934950800366449,6075.09375,104.2
thickgrass.jpg,1080p_jpg_fast,jpg,1080,fast,IoT_Narrowband,62.0107421875,21.8576999996003,1168.9178466796875,21.265699999275967,1212.0412466785638,34.02994674771092,0.8934950800366449,6075.09375,104.2
thickgrass.jpg,1080p_jpg_high,jpg,1080,high,Broadband_WiFi,353.619140625,22.33419999902253,65.25299072265625,29.260699999213102,116.84789072089188,45.25105571660159,0.9848514717062233,6075.09375,50.4
thickgrass.jpg,1080p_jpg_high,jpg,1080,high,4G_Mobile,353.619140625,22.33419999902253,326.26495361328125,29.260699999213102,377.8598536115169,45.25105571660159,0.9848514717062233,6075.09375,50.4
thickgrass.jpg,1080p_jpg_high,jpg,1080,high,IoT_Narrowband,353.619140625,22.33419999902253,5725.299072265625,29.260699999213102,5776.893972263861,45.25105571660159,0.9848514717062233,6075.09375,50.4
thickgrass.jpg,1080p_webp_fast,webp,1080,fast,Broadband_WiFi,42.87890625,366.89060000026075,16.6998291015625,46.41219999939494,430.0026291012182,37.02053568829115,0.9426033917368248,6075.09375,95.8
thickgrass.jpg,1080p_webp_fast,webp,1080,fast,4G_Mobile,42.87890625,366.89060000026075,83.49914550781251,46.41219999939494,496.8019455074682,37.02053568829115,0.9426033917368248,6075.09375,95.8
thickgrass.jpg,1080p_webp_fast,webp,1080,fast,IoT_Narrowband,42.87890625,366.89060000026075,869.98291015625,46.41219999939494,1283.2857101559057,37.02053568829115,0.9426033917368248,6075.09375,95.8
thickgrass.jpg,1080p_webp_high,webp,1080,high,Broadband_WiFi,136.205078125,538.9761000005819,31.28204345703125,57.51390000114043,627.7720434587536,42.80508025918857,0.9750308354571272,6075.09375,103.0
thickgrass.jpg,1080p_webp_high,webp,1080,high,4G_Mobile,136.205078125,538.9761000005819,156.41021728515625,57.51390000114043,752.9002172868786,42.80508025918857,0.9750308354571272,6075.09375,103.0
thickgrass.jpg,1080p_webp_high,webp,1080,high,IoT_Narrowband,136.205078125,538.9761000005819,2328.204345703125,57.51390000114043,2924.6943457048474,42.80508025918857,0.9750308354571272,6075.09375,103.0
4k.jpg,480p_jpg_fast,jpg,480,fast,Broadband_WiFi,32.7666015625,10.58769999872311,15.119781494140625,6.419699999241857,32.12718149210559,21.59026146420951,0.7135671116304801,900.140625,97.7
4k.jpg,480p_jpg_fast,jpg,480,fast,4G_Mobile,32.7666015625,10.58769999872311,75.59890747070314,6.419699999241857,92.6063074686681,21.59026146420951,0.7135671116304801,900.140625,97.7
4k.jpg,480p_jpg_fast,jpg,480,fast,IoT_Narrowband,32.7666015625,10.58769999872311,711.9781494140625,6.419699999241857,728.9855494120275,21.59026146420951,0.7135671116304801,900.140625,97.7
4k.jpg,480p_jpg_high,jpg,480,high,Broadband_WiFi,212.7646484375,6.041299999196781,43.244476318359375,7.789600000251085,57.07537631780724,33.708045316463796,0.9756391057228867,900.09375,0.0
4k.jpg,480p_jpg_high,jpg,480,high,4G_Mobile,212.7646484375,6.041299999196781,216.22238159179685,7.789600000251085,230.0532815912447,33.708045316463796,0.9756391057228867,900.09375,0.0
4k.jpg,480p_jpg_high,jpg,480,high,IoT_Narrowband,212.7646484375,6.041299999196781,3524.4476318359375,7.789600000251085,3538.2785318353854,33.708045316463796,0.9756391057228867,900.09375,0.0
4k.jpg,480p_webp_fast,webp,480,fast,Broadband_WiFi,68.19921875,133.19140000021434,20.6561279296875,21.11979999972391,174.96732792962575,28.415326375815706,0.9223231533045722,900.09375,100.0
4k.jpg,480p_webp_fast,webp,480,fast,4G_Mobile,68.19921875,133.19140000021434,103.2806396484375,21.11979999972391,257.59183964837575,28.415326375815706,0.9223231533045722,900.09375,100.0
4k.jpg,480p_webp_fast,webp,480,fast,IoT_Narrowband,68.19921875,133.19140000021434,1265.61279296875,21.11979999972391,1419.9239929686883,28.415326375815706,0.9223231533045722,900.09375,100.0
4k.jpg,480p_webp_high,webp,480,high,Broadband_WiFi,154.861328125,128.98429999768268,34.19708251953125,27.207699997234158,190.3890825144481,33.59826953873325,0.9762702260942632,900.09375,66.5
4k.jpg,480p_webp_high,webp,480,high,4G_Mobile,154.861328125,128.98429999768268,170.98541259765625,27.207699997234158,327.1774125925731,33.59826953873325,0.9762702260942632,900.09375,66.5
4k.jpg,480p_webp_high,webp,480,high,IoT_Narrowband,154.861328125,128.98429999768268,2619.708251953125,27.207699997234158,2775.900251948042,33.59826953873325,0.9762702260942632,900.09375,66.5
4k.jpg,720p_jpg_fast,jpg,720,fast,Broadband_WiFi,90.314453125,11.116199999378296,24.11163330078125,14.181699996697716,49.40953329685727,22.2487488517358,0.7251953592034633,2700.09375,104.2
4k.jpg,720p_jpg_fast,jpg,720,fast,4G_Mobile,90.314453125,11.116199999378296,120.55816650390626,14.181699996697716,145.8560664999823,22.2487488517358,0.7251953592034633,2700.09375,104.2
4k.jpg,720p_jpg_fast,jpg,720,fast,IoT_Narrowband,90.314453125,11.116199999378296,1611.163330078125,14.181699996697716,1636.461230074201,22.2487488517358,0.7251953592034633,2700.09375,104.2
4k.jpg,720p_jpg_high,jpg,720,high,Broadband_WiFi,607.021484375,21.55270000002929,104.84710693359374,30.93049999733921,157.33030693096222,35.123080212240694,0.9777914036219485,2700.09375,104.2
4k.jpg,720p_jpg_high,jpg,720,high,4G_Mobile,607.021484375,21.55270000002929,524.2355346679688,30.93049999733921,576.7187346653373,35.123080212240694,0.9777914036219485,2700.09375,104.2
4k.jpg,720p_jpg_high,jpg,720,high,IoT_Narrowband,607.021484375,21.55270000002929,9684.710693359375,30.93049999733921,9737.193893356744,35.123080212240694,0.9777914036219485,2700.09375,104.2
4k.jpg,720p_webp_fast,webp,720,fast,Broadband_WiFi,185.28515625,386.0392000024149,38.9508056640625,43.64699999860022,468.6370056650776,28.766542792689222,0.9181266030855094,2700.09375,100.2
4k.jpg,720p_webp_fast,webp,720,fast,4G_Mobile,185.28515625,386.0392000024149,194.75402832031253,43.64699999860022,624.4402283213276,28.766542792689222,0.9181266030855094,2700.09375,100.2
4k.jpg,720p_webp_fast,webp,720,fast,IoT_Narrowband,185.28515625,386.0392000024149,3095.08056640625,43.64699999860022,3524.766766407265,28.766542792689222,0.9181266030855094,2700.09375,100.2
4k.jpg,720p_webp_high,webp,720,high,Broadband_WiFi,431.576171875,450.8830999984639,77.43377685546875,74.254999999539,602.5718768534716,34.89641036456854,0.9781734813501638,2700.09375,93.1
4k.jpg,720p_webp_high,webp,720,high,4G_Mobile,431.576171875,450.8830999984639,387.16888427734375,74.254999999539,912.3069842753466,34.89641036456854,0.9781734813501638,2700.09375,93.1
4k.jpg,720p_webp_high,webp,720,high,IoT_Narrowband,431.576171875,450.8830999984639,6943.377685546875,74.254999999539,7468.515785544878,34.89641036456854,0.9781734813501638,2700.09375,93.1
4k.jpg,1080p_jpg_fast,jpg,1080,fast,Broadband_WiFi,192.8857421875,24.52590000029886,40.138397216796875,34.27139999985229,98.93569721694803,23.035181609868197,0.7465765657391578,6075.09375,0.0
4k.jpg,1080p_jpg_fast,jpg,1080,fast,4G_Mobile,192.8857421875,24.52590000029886,200.69198608398438,34.27139999985229,259.48928608413553,23.035181609868197,0.7465765657391578,6075.09375,0.0
4k.jpg,1080p_jpg_fast,jpg,1080,fast,IoT_Narrowband,192.8857421875,24.52590000029886,3213.8397216796875,34.27139999985229,3272.6370216798387,23.035181609868197,0.7465765657391578,6075.09375,0.0
4k.jpg,1080p_jpg_high,jpg,1080,high,Broadband_WiFi,1307.064453125,41.59549999894807,214.22882080078125,61.12089999805903,316.94522079778835,36.61586805501618,0.9801794330530963,6075.09375,151.2
4k.jpg,1080p_jpg_high,jpg,1080,high,4G_Mobile,1307.064453125,41.59549999894807,1071.1441040039062,61.12089999805903,1173.8605040009134,36.61586805501618,0.9801794330530963,6075.09375,151.2
4k.jpg,1080p_jpg_high,jpg,1080,high,IoT_Narrowband,1307.064453125,41.59549999894807,20622.882080078125,61.12089999805903,20725.598480075132,36.61586805501618,0.9801794330530963,6075.09375,151.2
4k.jpg,1080p_webp_fast,webp,1080,fast,Broadband_WiFi,380.828125,482.81669999778387,69.50439453125,58.54870000257506,610.8697945316089,29.15537408921573,0.9155985507726737,6075.09375,96.8
4k.jpg,1080p_webp_fast,webp,1080,fast,4G_Mobile,380.828125,482.81669999778387,347.52197265625,58.54870000257506,888.8873726566089,29.15537408921573,0.9155985507726737,6075.09375,96.8
4k.jpg,1080p_webp_fast,webp,1080,fast,IoT_Narrowband,380.828125,482.81669999778387,6150.439453125,58.54870000257506,6691.804853125359,29.15537408921573,0.9155985507726737,6075.09375,96.8
4k.jpg,1080p_webp_high,webp,1080,high,Broadband_WiFi,925.822265625,673.0102999972587,154.65972900390625,114.5795000011276,942.2495290022925,36.30757631340928,0.9803680740121289,6075.09375,100.0
4k.jpg,1080p_webp_high,webp,1080,high,4G_Mobile,925.822265625,673.0102999972587,773.2986450195312,114.5795000011276,1560.8884450179175,36.30757631340928,0.9803680740121289,6075.09375,100.0
4k.jpg,1080p_webp_high,webp,1080,high,IoT_Narrowband,925.822265625,673.0102999972587,14665.972900390625,114.5795000011276,15453.562700389011,36.30757631340928,0.9803680740121289,6075.09375,100.0
booktext.jpg,480p_jpg_fast,jpg,480,fast,Broadband_WiFi,15.642578125,3.2304999986081384,12.44415283203125,3.9634999993722886,19.638152830011677,30.07841743043343,0.8893908123495192,900.09375,0.0
booktext.jpg,480p_jpg_fast,jpg,480,fast,4G_Mobile,15.642578125,3.2304999986081384,62.22076416015626,3.9634999993722886,69.41476415813669,30.07841743043343,0.8893908123495192,900.09375,0.0
booktext.jpg,480p_jpg_fast,jpg,480,fast,IoT_Narrowband,15.642578125,3.2304999986081384,444.415283203125,3.9634999993722886,451.6092832011054,30.07841743043343,0.8893908123495192,900.09375,0.0
booktext.jpg,480p_jpg_high,jpg,480,high,Broadband_WiFi,92.6376953125,3.806800003076205,24.474639892578125,5.0432999996701255,33.32473989532446,41.49121505810227,0.9840910281512194,900.09375,0.0
booktext.jpg,480p_jpg_high,jpg,480,high,4G_Mobile,92.6376953125,3.806800003076205,122.37319946289062,5.0432999996701255,131.22329946563696,41.49121505810227,0.9840910281512194,900.09375,0.0
booktext.jpg,480p_jpg_high,jpg,480,high,IoT_Narrowband,92.6376953125,3.806800003076205,1647.4639892578125,5.0432999996701255,1656.3140892605588,41.49121505810227,0.9840910281512194,900.09375,0.0
booktext.jpg,480p_webp_fast,webp,480,fast,Broadband_WiFi,16.42578125,60.25440000303206,12.5665283203125,5.928700000367826,78.74962832371237,34.28264879862209,0.9461967467999125,900.09375,100.8
booktext.jpg,480p_webp_fast,webp,480,fast,4G_Mobile,16.42578125,60.25440000303206,62.8326416015625,5.928700000367826,129.0157416049624,34.28264879862209,0.9461967467999125,900.09375,100.8
booktext.jpg,480p_webp_fast,webp,480,fast,IoT_Narrowband,16.42578125,60.25440000303206,456.65283203125,5.928700000367826,522.8359320346499,34.28264879862209,0.9461967467999125,900.09375,100.8
booktext.jpg,480p_webp_high,webp,480,high,Broadband_WiFi,44.62890625,89.69910000087111,16.973266601562504,11.909400000149617,118.58176660258324,40.59873209685283,0.9796430848860901,900.09375,99.7
booktext.jpg,480p_webp_high,webp,480,high,4G_Mobile,44.62890625,89.69910000087111,84.8663330078125,11.909400000149617,186.47483300883323,40.59873209685283,0.9796430848860901,900.09375,99.7
booktext.jpg,480p_webp_high,webp,480,high,IoT_Narrowband,44.62890625,89.69910000087111,897.32666015625,11.909400000149617,998.9351601572707,40.59873209685283,0.9796430848860901,900.09375,99.7
booktext.jpg,720p_jpg_fast,jpg,720,fast,Broadband_WiFi,35.98046875,10.47120000293944,15.6219482421875,10.380499999882886,36.47364824500983,33.31238663273669,0.9353461943009251,2700.09375,104.2
booktext.jpg,720p_jpg_fast,jpg,720,fast,4G_Mobile,35.98046875,10.47120000293944,78.1097412109375,10.380499999882886,98.96144121375983,33.31238663273669,0.9353461943009251,2700.09375,104.2
booktext.jpg,720p_jpg_fast,jpg,720,fast,IoT_Narrowband,35.98046875,10.47120000293944,762.19482421875,10.380499999882886,783.0465242215723,33.31238663273669,0.9353461943009251,2700.09375,104.2
booktext.jpg,720p_jpg_high,jpg,720,high,Broadband_WiFi,211.5048828125,12.735899999825051,43.047637939453125,14.849099999992177,70.63263793927035,43.112320558349396,0.9869891286344855,2700.09375,104.2
booktext.jpg,720p_jpg_high,jpg,720,high,4G_Mobile,211.5048828125,12.735899999825051,215.2381896972656,14.849099999992177,242.82318969708282,43.112320558349396,0.9869891286344855,2700.09375,104.2
booktext.jpg,720p_jpg_high,jpg,720,high,IoT_Narrowband,211.5048828125,12.735899999825051,3504.7637939453125,14.849099999992177,3532.3487939451297,43.112320558349396,0.9869891286344855,2700.09375,104.2
booktext.jpg,720p_webp_fast,webp,720,fast,Broadband_WiFi,30.046875,185.00940000012633,14.69482421875,16.213100003369618,215.91732422224595,36.17957707940268,0.9619895637123378,2700.09375,100.3
booktext.jpg,720p_webp_fast,webp,720,fast,4G_Mobile,30.046875,185.00940000012633,73.47412109375001,16.213100003369618,274.69662109724595,36.17957707940268,0.9619895637123378,2700.09375,100.3
booktext.jpg,720p_webp_fast,webp,720,fast,IoT_Narrowband,30.046875,185.00940000012633,669.482421875,16.213100003369618,870.704921878496,36.17957707940268,0.9619895637123378,2700.09375,100.3
booktext.jpg,720p_webp_high,webp,720,high,Broadband_WiFi,89.908203125,284.3070999988413,24.04815673828125,32.84619999976712,341.20145673688967,41.78506010878773,0.9816708211845219,2700.09375,94.5
booktext.jpg,720p_webp_high,webp,720,high,4G_Mobile,89.908203125,284.3070999988413,120.24078369140625,32.84619999976712,437.39408369001467,41.78506010878773,0.9816708211845219,2700.09375,94.5
booktext.jpg,720p_webp_high,webp,720,high,IoT_Narrowband,89.908203125,284.3070999988413,1604.815673828125,32.84619999976712,1921.9689738267334,41.78506010878773,0.9816708211845219,2700.09375,94.5
booktext.jpg,1080p_jpg_fast,jpg,1080,fast,Broadband_WiFi,66.5859375,16.248099997028476,20.404052734375,24.246199998742668,60.898352730146144,35.32543481624086,0.9516286886253451,6075.09375,97.7
booktext.jpg,1080p_jpg_fast,jpg,1080,fast,4G_Mobile,66.5859375,16.248099997028476,102.020263671875,24.246199998742668,142.51456366764614,35.32543481624086,0.9516286886253451,6075.09375,97.7
booktext.jpg,1080p_jpg_fast,jpg,1080,fast,IoT_Narrowband,66.5859375,16.248099997028476,1240.4052734375,24.246199998742668,1280.8995734332711,35.32543481624086,0.9516286886253451,6075.09375,97.7
booktext.jpg,1080p_jpg_high,jpg,1080,high,Broadband_WiFi,398.0732421875,23.51750000161701,72.19894409179688,29.000800001085736,124.71724409449962,44.82358800450089,0.9890934561761601,6075.09375,208.3
booktext.jpg,1080p_jpg_high,jpg,1080,high,4G_Mobile,398.0732421875,23.51750000161701,360.9947204589843,29.000800001085736,413.51302046168706,44.82358800450089,0.9890934561761601,6075.09375,208.3
booktext.jpg,1080p_jpg_high,jpg,1080,high,IoT_Narrowband,398.0732421875,23.51750000161701,6419.8944091796875,29.000800001085736,6472.41270918239,44.82358800450089,0.9890934561761601,6075.09375,208.3
booktext.jpg,1080p_webp_fast,webp,1080,fast,Broadband_WiFi,45.25390625,381.74269999944954,17.0709228515625,35.219499997765524,434.03312284877757,37.34028032547404,0.9678975564816831,6075.09375,96.2
booktext.jpg,1080p_webp_fast,webp,1080,fast,4G_Mobile,45.25390625,381.74269999944954,85.3546142578125,35.219499997765524,502.3168142550276,37.34028032547404,0.9678975564816831,6075.09375,96.2
booktext.jpg,1080p_webp_fast,webp,1080,fast,IoT_Narrowband,45.25390625,381.74269999944954,907.09228515625,35.219499997765524,1324.054485153465,37.34028032547404,0.9678975564816831,6075.09375,96.2
booktext.jpg,1080p_webp_high,webp,1080,high,Broadband_WiFi,151.484375,337.44339999975637,33.66943359375,45.760500001051696,416.87333359455806,42.941773545204484,0.9832839732615688,6075.09375,104.8
booktext.jpg,1080p_webp_high,webp,1080,high,4G_Mobile,151.484375,337.44339999975637,168.34716796875,45.760500001051696,551.5510679695581,42.941773545204484,0.9832839732615688,6075.09375,104.8
booktext.jpg,1080p_webp_high,webp,1080,high,IoT_Narrowband,151.484375,337.44339999975637,2566.943359375,45.760500001051696,2950.147259375808,42.941773545204484,0.9832839732615688,6075.09375,104.8
nighttown.jpg,480p_jpg_fast,jpg,480,fast,Broadband_WiFi,22.1162109375,3.768900001887232,13.455657958984375,4.9030999980459455,22.127657958917553,23.093747027926476,0.751233518617937,900.09375,0.0
nighttown.jpg,480p_jpg_fast,jpg,480,fast,4G_Mobile,22.1162109375,3.768900001887232,67.27828979492188,4.9030999980459455,75.95028979485505,23.093747027926476,0.751233518617937,900.09375,0.0
nighttown.jpg,480p_jpg_fast,jpg,480,fast,IoT_Narrowband,22.1162109375,3.768900001887232,545.5657958984375,4.9030999980459455,554.2377958983707,23.093747027926476,0.751233518617937,900.09375,0.0
nighttown.jpg,480p_jpg_high,jpg,480,high,Broadband_WiFi,137.92578125,5.247000000963453,31.550903320312496,5.301900000631576,42.09980332190753,30.099862069409507,0.9562402117040504,900.09375,0.0
nighttown.jpg,480p_jpg_high,jpg,480,high,4G_Mobile,137.92578125,5.247000000963453,157.7545166015625,5.301900000631576,168.30341660315753,30.099862069409507,0.9562402117040504,900.09375,0.0
nighttown.jpg,480p_jpg_high,jpg,480,high,IoT_Narrowband,137.92578125,5.247000000963453,2355.09033203125,5.301900000631576,2365.639232032845,30.099862069409507,0.9562402117040504,900.09375,0.0
nighttown.jpg,480p_webp_fast,webp,480,fast,Broadband_WiFi,32.787109375,77.30879999871831,15.12298583984375,8.725100000447128,101.15688583900919,27.108470676165123,0.9016006156210973,900.09375,100.2
nighttown.jpg,480p_webp_fast,webp,480,fast,4G_Mobile,32.787109375,77.30879999871831,75.61492919921875,8.725100000447128,161.6488291983842,27.108470676165123,0.9016006156210973,900.09375,100.2
nighttown.jpg,480p_webp_fast,webp,480,fast,IoT_Narrowband,32.787109375,77.30879999871831,712.298583984375,8.725100000447128,798.3324839835404,27.108470676165123,0.9016006156210973,900.09375,100.2
nighttown.jpg,480p_webp_high,webp,480,high,Broadband_WiFi,80.7734375,69.12799999918207,22.620849609375,11.276600002020132,103.0254496105772,29.91630266097545,0.9476804898063941,900.09375,100.8
nighttown.jpg,480p_webp_high,webp,480,high,4G_Mobile,80.7734375,69.12799999918207,113.10424804687501,11.276600002020132,193.50884804807723,29.91630266097545,0.9476804898063941,900.09375,100.8
nighttown.jpg,480p_webp_high,webp,480,high,IoT_Narrowband,80.7734375,69.12799999918207,1462.0849609375,11.276600002020132,1542.4895609387022,29.91630266097545,0.9476804898063941,900.09375,100.8
nighttown.jpg,720p_jpg_fast,jpg,720,fast,Broadband_WiFi,57.435546875,4.569199998513795,18.97430419921875,9.302300000854302,32.84580419858685,24.428545353329277,0.768312493332779,2700.09375,0.0
nighttown.jpg,720p_jpg_fast,jpg,720,fast,4G_Mobile,57.435546875,4.569199998513795,94.87152099609375,9.302300000854302,108.74302099546185,24.428545353329277,0.768312493332779,2700.09375,0.0
nighttown.jpg,720p_jpg_fast,jpg,720,fast,IoT_Narrowband,57.435546875,4.569199998513795,1097.430419921875,9.302300000854302,1111.301919921243,24.428545353329277,0.768312493332779,2700.09375,0.0
nighttown.jpg,720p_jpg_high,jpg,720,high,Broadband_WiFi,363.62890625,7.152900001528906,66.8170166015625,16.073099999630358,90.04301660272176,31.82147706761096,0.96285111546892,2700.09375,0.0
nighttown.jpg,720p_jpg_high,jpg,720,high,4G_Mobile,363.62890625,7.152900001528906,334.0850830078125,16.073099999630358,357.31108300897176,31.82147706761096,0.96285111546892,2700.09375,0.0
nighttown.jpg,720p_jpg_high,jpg,720,high,IoT_Narrowband,363.62890625,7.152900001528906,5881.70166015625,16.073099999630358,5904.927660157409,31.82147706761096,0.96285111546892,2700.09375,0.0
nighttown.jpg,720p_webp_fast,webp,720,fast,Broadband_WiFi,82.02734375,186.76820000109728,22.816772460937504,22.594999998545973,232.17997246058076,28.40829528693625,0.9064199964730718,2700.09375,99.7
nighttown.jpg,720p_webp_fast,webp,720,fast,4G_Mobile,82.02734375,186.76820000109728,114.0838623046875,22.594999998545973,323.44706230433076,28.40829528693625,0.9064199964730718,2700.09375,99.7
nighttown.jpg,720p_webp_fast,webp,720,fast,IoT_Narrowband,82.02734375,186.76820000109728,1481.67724609375,22.594999998545973,1691.0404460933933,28.40829528693625,0.9064199964730718,2700.09375,99.7
nighttown.jpg,720p_webp_high,webp,720,high,Broadband_WiFi,208.9140625,264.8771999993187,42.64282226562501,40.254299998196075,347.77432226313977,31.633232963778806,0.9544190706658799,2700.09375,100.2
nighttown.jpg,720p_webp_high,webp,720,high,4G_Mobile,208.9140625,264.8771999993187,213.214111328125,40.254299998196075,518.3456113256398,31.633232963778806,0.9544190706658799,2700.09375,100.2
nighttown.jpg,720p_webp_high,webp,720,high,IoT_Narrowband,208.9140625,264.8771999993187,3464.2822265625,40.254299998196075,3769.4137265600148,31.633232963778806,0.9544190706658799,2700.09375,100.2
nighttown.jpg,1080p_jpg_fast,jpg,1080,fast,Broadband_WiFi,116.7265625,13.296000000991626,28.238525390624996,23.239900001499336,64.77442539311595,25.61638118646095,0.7852275468353699,6075.09375,104.2
nighttown.jpg,1080p_jpg_fast,jpg,1080,fast,4G_Mobile,116.7265625,13.296000000991626,141.192626953125,23.239900001499336,177.72852695561596,25.61638118646095,0.7852275468353699,6075.09375,104.2
nighttown.jpg,1080p_jpg_fast,jpg,1080,fast,IoT_Narrowband,116.7265625,13.296000000991626,2023.8525390625002,23.239900001499336,2060.388439064991,25.61638118646095,0.7852275468353699,6075.09375,104.2
nighttown.jpg,1080p_jpg_high,jpg,1080,high,Broadband_WiFi,734.109375,42.66660000212141,124.70458984374999,46.69389999980922,214.06508984568063,33.80932686043249,0.9704798678759946,6075.09375,66.5
nighttown.jpg,1080p_jpg_high,jpg,1080,high,4G_Mobile,734.109375,42.66660000212141,623.5229492187501,46.69389999980922,712.8834492206807,33.80932686043249,0.9704798678759946,6075.09375,66.5
nighttown.jpg,1080p_jpg_high,jpg,1080,high,IoT_Narrowband,734.109375,42.66660000212141,11670.458984375,46.69389999980922,11759.81948437693,33.80932686043249,0.9704798678759946,6075.09375,66.5
nighttown.jpg,1080p_webp_fast,webp,1080,fast,Broadband_WiFi,155.78125,379.7874999982014,34.3408203125,38.97349999897415,453.10182030967553,29.611390311934862,0.9127925749987239,6075.09375,100.0
nighttown.jpg,1080p_webp_fast,webp,1080,fast,4G_Mobile,155.78125,379.7874999982014,171.7041015625,38.97349999897415,590.4651015596755,29.611390311934862,0.9127925749987239,6075.09375,100.0
nighttown.jpg,1080p_webp_fast,webp,1080,fast,IoT_Narrowband,155.78125,379.7874999982014,2634.08203125,38.97349999897415,3052.8430312471755,29.611390311934862,0.9127925749987239,6075.09375,100.0
nighttown.jpg,1080p_webp_high,webp,1080,high,Broadband_WiFi,414.384765625,558.5161999988486,74.74761962890625,76.21600000129547,709.4798196290503,33.585903217477316,0.9619390205530408,6075.09375,97.1
nighttown.jpg,1080p_webp_high,webp,1080,high,4G_Mobile,414.384765625,558.5161999988486,373.73809814453125,76.21600000129547,1008.4702981446753,33.585903217477316,0.9619390205530408,6075.09375,97.1
nighttown.jpg,1080p_webp_high,webp,1080,high,IoT_Narrowband,414.384765625,558.5161999988486,6674.761962890625,76.21600000129547,7309.494162890769,33.585903217477316,0.9619390205530408,6075.09375,97.1
portrait.jpg,480p_jpg_fast,jpg,480,fast,Broadband_WiFi,23.046875,3.6545000002661254,13.60107421875,4.342300002463162,21.59787422147929,27.26477365220239,0.8087071434297517,900.09375,0.0
portrait.jpg,480p_jpg_fast,jpg,480,fast,4G_Mobile,23.046875,3.6545000002661254,68.00537109375,4.342300002463162,76.00217109647929,27.26477365220239,0.8087071434297517,900.09375,0.0
portrait.jpg,480p_jpg_fast,jpg,480,fast,IoT_Narrowband,23.046875,3.6545000002661254,560.107421875,4.342300002463162,568.1042218777293,27.26477365220239,0.8087071434297517,900.09375,0.0
portrait.jpg,480p_jpg_high,jpg,480,high,Broadband_WiFi,165.0390625,5.291199999192031,35.787353515625,7.324100002733758,48.40265351755079,37.48122982322593,0.9699539625611253,900.09375,0.0
portrait.jpg,480p_jpg_high,jpg,480,high,4G_Mobile,165.0390625,5.291199999192031,178.936767578125,7.324100002733758,191.5520675800508,37.48122982322593,0.9699539625611253,900.09375,0.0
portrait.jpg,480p_jpg_high,jpg,480,high,IoT_Narrowband,165.0390625,5.291199999192031,2778.7353515625,7.324100002733758,2791.350651564426,37.48122982322593,0.9699539625611253,900.09375,0.0
portrait.jpg,480p_webp_fast,webp,480,fast,Broadband_WiFi,33.376953125,72.13739999860991,15.21514892578125,10.989600003085798,98.34214892747696,30.09666044189106,0.8836590519816081,900.09375,126.0
portrait.jpg,480p_webp_fast,webp,480,fast,4G_Mobile,33.376953125,72.13739999860991,76.07574462890626,10.989600003085798,159.20274463060196,30.09666044189106,0.8836590519816081,900.09375,126.0
portrait.jpg,480p_webp_fast,webp,480,fast,IoT_Narrowband,33.376953125,72.13739999860991,721.514892578125,10.989600003085798,804.6418925798207,30.09666044189106,0.8836590519816081,900.09375,126.0
portrait.jpg,480p_webp_high,webp,480,high,Broadband_WiFi,109.826171875,103.94459999952232,27.16033935546875,19.180900002538692,150.28583935752977,37.026558350452596,0.9691662201884181,900.09375,86.0
portrait.jpg,480p_webp_high,webp,480,high,4G_Mobile,109.826171875,103.94459999952232,135.80169677734378,19.180900002538692,258.92719677940477,37.026558350452596,0.9691662201884181,900.09375,86.0
portrait.jpg,480p_webp_high,webp,480,high,IoT_Narrowband,109.826171875,103.94459999952232,1916.033935546875,19.180900002538692,2039.1594355489362,37.026558350452596,0.9691662201884181,900.09375,86.0
portrait.jpg,720p_jpg_fast,jpg,720,fast,Broadband_WiFi,56.4326171875,5.613699999230448,18.817596435546875,7.68189999871538,32.1131964334927,29.27836690544503,0.8326081979631698,2700.09375,0.0
portrait.jpg,720p_jpg_fast,jpg,720,fast,4G_Mobile,56.4326171875,5.613699999230448,94.08798217773438,7.68189999871538,107.3835821756802,29.27836690544503,0.8326081979631698,2700.09375,0.0
portrait.jpg,720p_jpg_fast,jpg,720,fast,IoT_Narrowband,56.4326171875,5.613699999230448,1081.7596435546875,7.68189999871538,1095.0552435526333,29.27836690544503,0.8326081979631698,2700.09375,0.0
portrait.jpg,720p_jpg_high,jpg,720,high,Broadband_WiFi,414.7333984375,13.393799999903422,74.80209350585938,18.02970000062487,106.22559350638767,39.692456201726685,0.9747433746674005,2700.09375,0.0
portrait.jpg,720p_jpg_high,jpg,720,high,4G_Mobile,414.7333984375,13.393799999903422,374.0104675292968,18.02970000062487,405.4339675298251,39.692456201726685,0.9747433746674005,2700.09375,0.0
portrait.jpg,720p_jpg_high,jpg,720,high,IoT_Narrowband,414.7333984375,13.393799999903422,6680.2093505859375,18.02970000062487,6711.632850586466,39.692456201726685,0.9747433746674005,2700.09375,0.0
portrait.jpg,720p_webp_fast,webp,720,fast,Broadband_WiFi,71.16796875,197.24280000082217,21.1199951171875,22.9338999997708,241.29669511778044,31.783310778229698,0.8865395771439429,2700.09375,100.1
portrait.jpg,720p_webp_fast,webp,720,fast,4G_Mobile,71.16796875,197.24280000082217,105.5999755859375,22.9338999997708,325.7766755865305,31.783310778229698,0.8865395771439429,2700.09375,100.1
portrait.jpg,720p_webp_fast,webp,720,fast,IoT_Narrowband,71.16796875,197.24280000082217,1311.99951171875,22.9338999997708,1532.176211719343,31.783310778229698,0.8865395771439429,2700.09375,100.1
portrait.jpg,720p_webp_high,webp,720,high,Broadband_WiFi,252.3515625,214.338099998713,49.429931640625,39.992500001972076,303.7605316413101,38.74763384837228,0.9703791324140244,2700.09375,92.8
portrait.jpg,720p_webp_high,webp,720,high,4G_Mobile,252.3515625,214.338099998713,247.149658203125,39.992500001972076,501.48025820381,38.74763384837228,0.9703791324140244,2700.09375,92.8
portrait.jpg,720p_webp_high,webp,720,high,IoT_Narrowband,252.3515625,214.338099998713,4142.9931640625,39.992500001972076,4397.323764063185,38.74763384837228,0.9703791324140244,2700.09375,92.8
portrait.jpg,1080p_jpg_fast,jpg,1080,fast,Broadband_WiFi,108.9111328125,16.21539999905508,27.01736450195313,20.244999999704305,63.47776450071252,30.966346223796574,0.853154010283736,6075.09375,104.2
portrait.jpg,1080p_jpg_fast,jpg,1080,fast,4G_Mobile,108.9111328125,16.21539999905508,135.08682250976562,20.244999999704305,171.547222508525,30.966346223796574,0.853154010283736,6075.09375,104.2
portrait.jpg,1080p_jpg_fast,jpg,1080,fast,IoT_Narrowband,108.9111328125,16.21539999905508,1901.7364501953125,20.244999999704305,1938.1968501940719,30.966346223796574,0.853154010283736,6075.09375,104.2
portrait.jpg,1080p_jpg_high,jpg,1080,high,Broadband_WiFi,791.0439453125,26.894000002357643,133.60061645507812,40.1945000012347,200.68911645867047,41.67164892834726,0.9800080724760227,6075.09375,100.8
portrait.jpg,1080p_jpg_high,jpg,1080,high,4G_Mobile,791.0439453125,26.894000002357643,668.0030822753906,40.1945000012347,735.091582278983,41.67164892834726,0.9800080724760227,6075.09375,100.8
portrait.jpg,1080p_jpg_high,jpg,1080,high,IoT_Narrowband,791.0439453125,26.894000002357643,12560.061645507812,40.1945000012347,12627.150145511405,41.67164892834726,0.9800080724760227,6075.09375,100.8
portrait.jpg,1080p_webp_fast,webp,1080,fast,Broadband_WiFi,121.3671875,408.79510000013397,28.963623046874996,42.366499998024665,480.12522304503364,33.17946514168766,0.8954827453934162,6075.09375,100.1
portrait.jpg,1080p_webp_fast,webp,1080,fast,4G_Mobile,121.3671875,408.79510000013397,144.818115234375,42.366499998024665,595.9797152325336,33.17946514168766,0.8954827453934162,6075.09375,100.1
portrait.jpg,1080p_webp_fast,webp,1080,fast,IoT_Narrowband,121.3671875,408.79510000013397,2096.3623046875,42.366499998024665,2547.5239046856586,33.17946514168766,0.8954827453934162,6075.09375,100.1
portrait.jpg,1080p_webp_high,webp,1080,high,Broadband_WiFi,455.58984375,556.0277000004135,81.18591308593749,74.74849999925937,711.9621130856103,40.174217918615625,0.9733430350938747,6075.09375,102.8
portrait.jpg,1080p_webp_high,webp,1080,high,4G_Mobile,455.58984375,556.0277000004135,405.9295654296875,74.74849999925937,1036.7057654293603,40.174217918615625,0.9733430350938747,6075.09375,102.8
portrait.jpg,1080p_webp_high,webp,1080,high,IoT_Narrowband,455.58984375,556.0277000004135,7318.59130859375,74.74849999925937,7949.367508593423,40.174217918615625,0.9733430350938747,6075.09375,102.8
sunset.jpg,480p_jpg_fast,jpg,480,fast,Broadband_WiFi,5.8857421875,4.826399999728892,10.919647216796875,4.186999998637475,19.933047215163242,38.767896418221135,0.953521124636649,900.09375,0.0
sunset.jpg,480p_jpg_fast,jpg,480,fast,4G_Mobile,5.8857421875,4.826399999728892,54.598236083984375,4.186999998637475,63.611636082350735,38.767896418221135,0.953521124636649,900.09375,0.0
sunset.jpg,480p_jpg_fast,jpg,480,fast,IoT_Narrowband,5.8857421875,4.826399999728892,291.9647216796875,4.186999998637475,300.97812167805387,38.767896418221135,0.953521124636649,900.09375,0.0
sunset.jpg,480p_jpg_high,jpg,480,high,Broadband_WiFi,28.5224609375,3.861299999698531,14.456634521484377,4.598799998348113,22.91673451953102,49.4804505249664,0.9887971067749909,900.09375,0.0
sunset.jpg,480p_jpg_high,jpg,480,high,4G_Mobile,28.5224609375,3.861299999698531,72.28317260742188,4.598799998348113,80.74327260546852,49.4804505249664,0.9887971067749909,900.09375,0.0
sunset.jpg,480p_jpg_high,jpg,480,high,IoT_Narrowband,28.5224609375,3.861299999698531,645.6634521484375,4.598799998348113,654.1235521464841,49.4804505249664,0.9887971067749909,900.09375,0.0
sunset.jpg,480p_webp_fast,webp,480,fast,Broadband_WiFi,1.77734375,44.87729999891599,10.277709960937502,4.36239999908139,59.51740995893488,43.54768978233973,0.9772396379181293,900.09375,99.7
sunset.jpg,480p_webp_fast,webp,480,fast,4G_Mobile,1.77734375,44.87729999891599,51.3885498046875,4.36239999908139,100.62824980268488,43.54768978233973,0.9772396379181293,900.09375,99.7
sunset.jpg,480p_webp_fast,webp,480,fast,IoT_Narrowband,1.77734375,44.87729999891599,227.77099609375,4.36239999908139,277.0106960917474,43.54768978233973,0.9772396379181293,900.09375,99.7
sunset.jpg,480p_webp_high,webp,480,high,Broadband_WiFi,4.876953125,60.31240000083926,10.76202392578125,5.803799998830073,76.87822392545058,46.68749103870426,0.9831506121774121,900.09375,74.4
sunset.jpg,480p_webp_high,webp,480,high,4G_Mobile,4.876953125,60.31240000083926,53.81011962890625,5.803799998830073,119.92631962857558,46.68749103870426,0.9831506121774121,900.09375,74.4
sunset.jpg,480p_webp_high,webp,480,high,IoT_Narrowband,4.876953125,60.31240000083926,276.202392578125,5.803799998830073,342.31859257779433,46.68749103870426,0.9831506121774121,900.09375,74.4
sunset.jpg,720p_jpg_fast,jpg,720,fast,Broadband_WiFi,15.6923828125,8.968499998445623,12.451934814453125,9.362600001622923,30.78303481452167,39.068746076497085,0.9647639731618042,2700.09375,0.0
sunset.jpg,720p_jpg_fast,jpg,720,fast,4G_Mobile,15.6923828125,8.968499998445623,62.259674072265625,9.362600001622923,80.59077407233417,39.068746076497085,0.9647639731618042,2700.09375,0.0
sunset.jpg,720p_jpg_fast,jpg,720,fast,IoT_Narrowband,15.6923828125,8.968499998445623,445.1934814453125,9.362600001622923,463.52458144538105,39.068746076497085,0.9647639731618042,2700.09375,0.0
sunset.jpg,720p_jpg_high,jpg,720,high,Broadband_WiFi,80.0185546875,9.785299997020047,22.502899169921875,11.638899999525165,43.92709916646709,50.24238705675259,0.9906049250233763,2700.09375,0.0
sunset.jpg,720p_jpg_high,jpg,720,high,4G_Mobile,80.0185546875,9.785299997020047,112.51449584960938,11.638899999525165,133.9386958461546,50.24238705675259,0.9906049250233763,2700.09375,0.0
sunset.jpg,720p_jpg_high,jpg,720,high,IoT_Narrowband,80.0185546875,9.785299997020047,1450.2899169921875,11.638899999525165,1471.7141169887327,50.24238705675259,0.9906049250233763,2700.09375,0.0
sunset.jpg,720p_webp_fast,webp,720,fast,Broadband_WiFi,4.15234375,126.83820000165724,10.6488037109375,11.638199997832999,149.12520371042774,44.20394791279883,0.9810355467135209,2700.09375,100.0
sunset.jpg,720p_webp_fast,webp,720,fast,4G_Mobile,4.15234375,126.83820000165724,53.2440185546875,11.638199997832999,191.72041855417774,44.20394791279883,0.9810355467135209,2700.09375,100.0
sunset.jpg,720p_webp_fast,webp,720,fast,IoT_Narrowband,4.15234375,126.83820000165724,264.88037109375,11.638199997832999,403.35677109324024,44.20394791279883,0.9810355467135209,2700.09375,100.0
sunset.jpg,720p_webp_high,webp,720,high,Broadband_WiFi,12.41015625,155.47829999923124,11.9390869140625,12.139800001023104,179.55718691431684,47.221174626273225,0.9857815503431699,2700.09375,100.2
sunset.jpg,720p_webp_high,webp,720,high,4G_Mobile,12.41015625,155.47829999923124,59.69543457031251,12.139800001023104,227.31353457056684,47.221174626273225,0.9857815503431699,2700.09375,100.2
sunset.jpg,720p_webp_high,webp,720,high,IoT_Narrowband,12.41015625,155.47829999923124,393.90869140625,12.139800001023104,561.5267914065043,47.221174626273225,0.9857815503431699,2700.09375,100.2
sunset.jpg,1080p_jpg_fast,jpg,1080,fast,Broadband_WiFi,33.8583984375,14.975400001276284,15.290374755859373,18.16080000207876,48.42657475921441,39.27119760345503,0.9729526731934834,6075.09375,0.0
sunset.jpg,1080p_jpg_fast,jpg,1080,fast,4G_Mobile,33.8583984375,14.975400001276284,76.45187377929688,18.16080000207876,109.58807378265192,39.27119760345503,0.9729526731934834,6075.09375,0.0
sunset.jpg,1080p_jpg_fast,jpg,1080,fast,IoT_Narrowband,33.8583984375,14.975400001276284,729.0374755859375,18.16080000207876,762.1736755892925,39.27119760345503,0.9729526731934834,6075.09375,0.0
sunset.jpg,1080p_jpg_high,jpg,1080,high,Broadband_WiFi,175.2685546875,13.10880000164616,37.385711669921875,24.497899998095818,74.99241166966387,51.22104923949464,0.9924962607944611,6075.09375,97.7
sunset.jpg,1080p_jpg_high,jpg,1080,high,4G_Mobile,175.2685546875,13.10880000164616,186.92855834960938,24.497899998095818,224.53525834935135,51.22104923949464,0.9924962607944611,6075.09375,97.7
sunset.jpg,1080p_jpg_high,jpg,1080,high,IoT_Narrowband,175.2685546875,13.10880000164616,2938.5711669921875,24.497899998095818,2976.1778669919295,51.22104923949464,0.9924962607944611,6075.09375,97.7
sunset.jpg,1080p_webp_fast,webp,1080,fast,Broadband_WiFi,7.642578125,285.47810000236495,11.19415283203125,20.6651000007696,317.3373528351658,44.88943115006245,0.9842082535499844,6075.09375,100.1
sunset.jpg,1080p_webp_fast,webp,1080,fast,4G_Mobile,7.642578125,285.47810000236495,55.97076416015626,20.6651000007696,362.1139641632908,44.88943115006245,0.9842082535499844,6075.09375,100.1
sunset.jpg,1080p_webp_fast,webp,1080,fast,IoT_Narrowband,7.642578125,285.47810000236495,319.415283203125,20.6651000007696,625.5584832062596,44.88943115006245,0.9842082535499844,6075.09375,100.1
sunset.jpg,1080p_webp_high,webp,1080,high,Broadband_WiFi,22.7265625,328.32950000010896,13.551025390625,24.38149999943562,366.2620253901696,47.654605087237755,0.9880131822273115,6075.09375,100.0
sunset.jpg,1080p_webp_high,webp,1080,high,4G_Mobile,22.7265625,328.32950000010896,67.755126953125,24.38149999943562,420.4661269526696,47.654605087237755,0.9880131822273115,6075.09375,100.0
sunset.jpg,1080p_webp_high,webp,1080,high,IoT_Narrowband,22.7265625,328.32950000010896,555.1025390625,24.38149999943562,907.8135390620446,47.654605087237755,0.9880131822273115,6075.09375,100.0
thickgrass.jpg,480p_jpg_fast,jpg,480,fast,Broadband_WiFi,15.1611328125,3.898200000548968,12.368927001953125,4.86079999973299,21.127927002235086,29.644825005129114,0.8207487688819457,900.09375,0.0
thickgrass.jpg,480p_jpg_fast,jpg,480,fast,4G_Mobile,15.1611328125,3.898200000548968,61.844635009765625,4.86079999973299,70.60363501004758,29.644825005129114,0.8207487688819457,900.09375,0.0
thickgrass.jpg,480p_jpg_fast,jpg,480,fast,IoT_Narrowband,15.1611328125,3.898200000548968,436.8927001953125,4.86079999973299,445.65170019559446,29.644825005129114,0.8207487688819457,900.09375,0.0
thickgrass.jpg,480p_jpg_high,jpg,480,high,Broadband_WiFi,89.0673828125,4.566899999190355,23.91677856445312,5.790799998067087,34.274478561710566,37.82469088633019,0.9617499097898565,900.09375,0.0
thickgrass.jpg,480p_jpg_high,jpg,480,high,4G_Mobile,89.0673828125,4.566899999190355,119.58389282226562,5.790799998067087,129.94159281952307,37.82469088633019,0.9617499097898565,900.09375,0.0
thickgrass.jpg,480p_jpg_high,jpg,480,high,IoT_Narrowband,89.0673828125,4.566899999190355,1591.6778564453125,5.790799998067087,1602.03555644257,37.82469088633019,0.9617499097898565,900.09375,0.0
thickgrass.jpg,480p_webp_fast,webp,480,fast,Broadband_WiFi,13.751953125,64.56989999787766,12.148742675781252,6.965299999137642,83.68394267279655,32.34692273627145,0.8922760399099895,900.09375,124.0
thickgrass.jpg,480p_webp_fast,webp,480,fast,4G_Mobile,13.751953125,64.56989999787766,60.74371337890625,6.965299999137642,132.27891337592155,32.34692273627145,0.8922760399099895,900.09375,124.0
thickgrass.jpg,480p_webp_fast,webp,480,fast,IoT_Narrowband,13.751953125,64.56989999787766,414.874267578125,6.965299999137642,486.4094675751403,32.34692273627145,0.8922760399099895,900.09375,124.0
thickgrass.jpg,480p_webp_high,webp,480,high,Broadband_WiFi,43.001953125,75.62349999716389,16.71905517578125,11.682200001814635,104.02475517475978,37.00965819972335,0.9526203351162228,900.09375,98.9
thickgrass.jpg,480p_webp_high,webp,480,high,4G_Mobile,43.001953125,75.62349999716389,83.59527587890625,11.682200001814635,170.90097587788478,37.00965819972335,0.9526203351162228,900.09375,98.9
thickgrass.jpg,480p_webp_high,webp,480,high,IoT_Narrowband,43.001953125,75.62349999716389,871.905517578125,11.682200001814635,959.2112175771035,37.00965819972335,0.9526203351162228,900.09375,98.9
thickgrass.jpg,720p_jpg_fast,jpg,720,fast,Broadband_WiFi,33.201171875,7.461800003511598,15.18768310546875,9.998599998652935,32.64808310763328,32.36081040434862,0.8673556293799892,2700.09375,0.0
thickgrass.jpg,720p_jpg_fast,jpg,720,fast,4G_Mobile,33.201171875,7.461800003511598,75.93841552734376,9.998599998652935,93.3988155295083,32.36081040434862,0.8673556293799892,2700.09375,0.0
thickgrass.jpg,720p_jpg_fast,jpg,720,fast,IoT_Narrowband,33.201171875,7.461800003511598,718.768310546875,9.998599998652935,736.2287105490395,32.36081040434862,0.8673556293799892,2700.09375,0.0
thickgrass.jpg,720p_jpg_high,jpg,720,high,Broadband_WiFi,195.6552734375,7.903099998657126,40.571136474609375,13.0819000005431,61.5561364738096,42.39197443779677,0.9779785589826785,2700.09375,0.0
thickgrass.jpg,720p_jpg_high,jpg,720,high,4G_Mobile,195.6552734375,7.903099998657126,202.85568237304685,13.0819000005431,223.84068237224707,42.39197443779677,0.9779785589826785,2700.09375,0.0
thickgrass.jpg,720p_jpg_high,jpg,720,high,IoT_Narrowband,195.6552734375,7.903099998657126,3257.1136474609375,13.0819000005431,3278.0986474601377,42.39197443779677,0.9779785589826785,2700.09375,0.0
thickgrass.jpg,720p_webp_fast,webp,720,fast,Broadband_WiFi,25.7890625,125.96840000333032,14.029541015625,11.164699997607386,151.1626410165627,35.125537758904855,0.9239388432866558,2700.09375,100.0
thickgrass.jpg,720p_webp_fast,webp,720,fast,4G_Mobile,25.7890625,125.96840000333032,70.14770507812501,11.164699997607386,207.2808050790627,35.125537758904855,0.9239388432866558,2700.09375,100.0
thickgrass.jpg,720p_webp_fast,webp,720,fast,IoT_Narrowband,25.7890625,125.96840000333032,602.9541015625,11.164699997607386,740.0872015634377,35.125537758904855,0.9239388432866558,2700.09375,100.0
thickgrass.jpg,720p_webp_high,webp,720,high,Broadband_WiFi,80.85546875,171.72429999845917,22.633666992187504,25.62910000051488,219.98706699116156,40.63654374956216,0.9674177914172232,2700.09375,99.9
thickgrass.jpg,720p_webp_high,webp,720,high,4G_Mobile,80.85546875,171.72429999845917,113.1683349609375,25.62910000051488,310.52173495991156,40.63654374956216,0.9674177914172232,2700.09375,99.9
thickgrass.jpg,720p_webp_high,webp,720,high,IoT_Narrowband,80.85546875,171.72429999845917,1463.36669921875,25.62910000051488,1660.720099217724,40.63654374956216,0.9674177914172232,2700.09375,99.9
thickgrass.jpg,1080p_jpg_fast,jpg,1080,fast,Broadband_WiFi,62.0107421875,20.53399999931571,19.689178466796875,18.006900001637405,58.23007846774999,34.02994674771092,0.8934950800366449,6075.09375,97.7
thickgrass.jpg,1080p_jpg_fast,jpg,1080,fast,4G_Mobile,62.0107421875,20.53399999931571,98.44589233398438,18.006900001637405,136.9867923349375,34.02994674771092,0.8934950800366449,6075.09375,97.7
thickgrass.jpg,1080p_jpg_fast,jpg,1080,fast,IoT_Narrowband,62.0107421875,20.53399999931571,1168.9178466796875,18.006900001637405,1207.4587466806406,34.02994674771092,0.8934950800366449,6075.09375,97.7
thickgrass.jpg,1080p_jpg_high,jpg,1080,high,Broadband_WiFi,353.619140625,19.323399999848334,65.25299072265625,32.85219999816036,117.42859072066494,45.25105571660159,0.9848514717062233,6075.09375,195.3
thickgrass.jpg,1080p_jpg_high,jpg,1080,high,4G_Mobile,353.619140625,19.323399999848334,326.26495361328125,32.85219999816036,378.44055361128994,45.25105571660159,0.9848514717062233,6075.09375,195.3
thickgrass.jpg,1080p_jpg_high,jpg,1080,high,IoT_Narrowband,353.619140625,19.323399999848334,5725.299072265625,32.85219999816036,5777.474672263634,45.25105571660159,0.9848514717062233,6075.09375,195.3
thickgrass.jpg,1080p_webp_fast,webp,1080,fast,Broadband_WiFi,42.87890625,311.5365000012389,16.6998291015625,27.491100001498125,355.7274291042995,37.02053568829115,0.9426033917368248,6075.09375,100.2
thickgrass.jpg,1080p_webp_fast,webp,1080,fast,4G_Mobile,42.87890625,311.5365000012389,83.49914550781251,27.491100001498125,422.5267455105495,37.02053568829115,0.9426033917368248,6075.09375,100.2
thickgrass.jpg,1080p_webp_fast,webp,1080,fast,IoT_Narrowband,42.87890625,311.5365000012389,869.98291015625,27.491100001498125,1209.010510158987,37.02053568829115,0.9426033917368248,6075.09375,100.2
thickgrass.jpg,1080p_webp_high,webp,1080,high,Broadband_WiFi,136.205078125,376.91500000073574,31.28204345703125,39.33079999842448,447.5278434561915,42.80508025918857,0.9750308354571272,6075.09375,100.0
thickgrass.jpg,1080p_webp_high,webp,1080,high,4G_Mobile,136.205078125,376.91500000073574,156.41021728515625,39.33079999842448,572.6560172843165,42.80508025918857,0.9750308354571272,6075.09375,100.0
thickgrass.jpg,1080p_webp_high,webp,1080,high,IoT_Narrowband,136.205078125,376.91500000073574,2328.204345703125,39.33079999842448,2744.450145702285,42.80508025918857,0.9750308354571272,6075.09375,100.0
4k.jpg,480p_jpg_fast,jpg,480,fast,Broadband_WiFi,32.7666015625,4.895599791780114,15.119781494140625,2.3333998396992683,22.348781125620004,21.59026146420951,0.7135671116304801,900.140625,0.0
4k.jpg,480p_jpg_fast,jpg,480,fast,4G_Mobile,32.7666015625,4.895599791780114,75.59890747070314,2.3333998396992683,82.82790710218252,21.59026146420951,0.7135671116304801,900.140625,0.0
4k.jpg,480p_jpg_fast,jpg,480,fast,IoT_Narrowband,32.7666015625,4.895599791780114,711.9781494140625,2.3333998396992683,719.2071490455419,21.59026146420951,0.7135671116304801,900.140625,0.0
4k.jpg,480p_jpg_high,jpg,480,high,Broadband_WiFi,212.7646484375,10.304500116035342,43.244476318359375,5.683499854058027,59.232476288452744,33.708045316463796,0.9756391057228867,900.09375,0.0
4k.jpg,480p_jpg_high,jpg,480,high,4G_Mobile,212.7646484375,10.304500116035342,216.22238159179685,5.683499854058027,232.21038156189022,33.708045316463796,0.9756391057228867,900.09375,0.0
4k.jpg,480p_jpg_high,jpg,480,high,IoT_Narrowband,212.7646484375,10.304500116035342,3524.4476318359375,5.683499854058027,3540.435631806031,33.708045316463796,0.9756391057228867,900.09375,0.0
4k.jpg,480p_webp_fast,webp,480,fast,Broadband_WiFi,68.19921875,73.58750002458692,20.6561279296875,7.731399964541197,101.97502791881561,28.415326375815706,0.9223231533045722,900.09375,80.1
4k.jpg,480p_webp_fast,webp,480,fast,4G_Mobile,68.19921875,73.58750002458692,103.2806396484375,7.731399964541197,184.5995396375656,28.415326375815706,0.9223231533045722,900.09375,80.1
4k.jpg,480p_webp_fast,webp,480,fast,IoT_Narrowband,68.19921875,73.58750002458692,1265.61279296875,7.731399964541197,1346.931692957878,28.415326375815706,0.9223231533045722,900.09375,80.1
4k.jpg,480p_webp_high,webp,480,high,Broadband_WiFi,154.861328125,64.35579992830753,34.19708251953125,13.785199960693717,112.33808240853249,33.59826953873325,0.9762702260942632,900.09375,99.2
4k.jpg,480p_webp_high,webp,480,high,4G_Mobile,154.861328125,64.35579992830753,170.98541259765625,13.785199960693717,249.1264124866575,33.59826953873325,0.9762702260942632,900.09375,99.2
4k.jpg,480p_webp_high,webp,480,high,IoT_Narrowband,154.861328125,64.35579992830753,2619.708251953125,13.785199960693717,2697.8492518421263,33.59826953873325,0.9762702260942632,900.09375,99.2
4k.jpg,720p_jpg_fast,jpg,720,fast,Broadband_WiFi,90.314453125,3.4185999538749456,24.11163330078125,5.096800159662962,32.627033414319165,22.2487488517358,0.7251953592034633,2700.09375,0.0
4k.jpg,720p_jpg_fast,jpg,720,fast,4G_Mobile,90.314453125,3.4185999538749456,120.55816650390626,5.096800159662962,129.0735666174442,22.2487488517358,0.7251953592034633,2700.09375,0.0
4k.jpg,720p_jpg_fast,jpg,720,fast,IoT_Narrowband,90.314453125,3.4185999538749456,1611.163330078125,5.096800159662962,1619.678730191663,22.2487488517358,0.7251953592034633,2700.09375,0.0
4k.jpg,720p_jpg_high,jpg,720,high,Broadband_WiFi,607.021484375,8.699199883267283,104.84710693359374,11.188599979504943,124.73490679636596,35.123080212240694,0.9777914036219485,2700.09375,0.0
4k.jpg,720p_jpg_high,jpg,720,high,4G_Mobile,607.021484375,8.699199883267283,524.2355346679688,11.188599979504943,544.123334530741,35.123080212240694,0.9777914036219485,2700.09375,0.0
4k.jpg,720p_jpg_high,jpg,720,high,IoT_Narrowband,607.021484375,8.699199883267283,9684.710693359375,11.188599979504943,9704.598493222147,35.123080212240694,0.9777914036219485,2700.09375,0.0
4k.jpg,720p_webp_fast,webp,720,fast,Broadband_WiFi,185.28515625,136.68440002948046,38.9508056640625,19.764000084251165,195.39920577779412,28.766542792689222,0.9181266030855094,2700.09375,99.7
4k.jpg,720p_webp_fast,webp,720,fast,4G_Mobile,185.28515625,136.68440002948046,194.75402832031253,19.764000084251165,351.2024284340441,28.766542792689222,0.9181266030855094,2700.09375,99.7
4k.jpg,720p_webp_fast,webp,720,fast,IoT_Narrowband,185.28515625,136.68440002948046,3095.08056640625,19.764000084251165,3251.5289665199816,28.766542792689222,0.9181266030855094,2700.09375,99.7
4k.jpg,720p_webp_high,webp,720,high,Broadband_WiFi,431.576171875,217.53589995205402,77.43377685546875,43.85720007121563,338.8268768787384,34.89641036456854,0.9781734813501638,2700.09375,99.9
4k.jpg,720p_webp_high,webp,720,high,4G_Mobile,431.576171875,217.53589995205402,387.16888427734375,43.85720007121563,648.5619843006134,34.89641036456854,0.9781734813501638,2700.09375,99.9
4k.jpg,720p_webp_high,webp,720,high,IoT_Narrowband,431.576171875,217.53589995205402,6943.377685546875,43.85720007121563,7204.770785570145,34.89641036456854,0.9781734813501638,2700.09375,99.9
4k.jpg,1080p_jpg_fast,jpg,1080,fast,Broadband_WiFi,192.8857421875,7.726299809291959,40.138397216796875,9.471399942412972,57.336096968501806,23.035181609868197,0.7465765657391578,6075.09375,0.0
4k.jpg,1080p_jpg_fast,jpg,1080,fast,4G_Mobile,192.8857421875,7.726299809291959,200.69198608398438,9.471399942412972,217.8896858356893,23.035181609868197,0.7465765657391578,6075.09375,0.0
4k.jpg,1080p_jpg_fast,jpg,1080,fast,IoT_Narrowband,192.8857421875,7.726299809291959,3213.8397216796875,9.471399942412972,3231.0374214313924,23.035181609868197,0.7465765657391578,6075.09375,0.0
4k.jpg,1080p_jpg_high,jpg,1080,high,Broadband_WiFi,1307.064453125,13.558899983763695,214.22882080078125,23.25860015116632,251.04632093571126,36.61586805501618,0.9801794330530963,6075.09375,97.7
4k.jpg,1080p_jpg_high,jpg,1080,high,4G_Mobile,1307.064453125,13.558899983763695,1071.1441040039062,23.25860015116632,1107.9616041388363,36.61586805501618,0.9801794330530963,6075.09375,97.7
4k.jpg,1080p_jpg_high,jpg,1080,high,IoT_Narrowband,1307.064453125,13.558899983763695,20622.882080078125,23.25860015116632,20659.699580213055,36.61586805501618,0.9801794330530963,6075.09375,97.7
4k.jpg,1080p_webp_fast,webp,1080,fast,Broadband_WiFi,380.828125,284.73959979601204,69.50439453125,39.439399959519506,393.68339428678155,29.15537408921573,0.9155985507726737,6075.09375,100.1
4k.jpg,1080p_webp_fast,webp,1080,fast,4G_Mobile,380.828125,284.73959979601204,347.52197265625,39.439399959519506,671.7009724117815,29.15537408921573,0.9155985507726737,6075.09375,100.1
4k.jpg,1080p_webp_fast,webp,1080,fast,IoT_Narrowband,380.828125,284.73959979601204,6150.439453125,39.439399959519506,6474.618452880532,29.15537408921573,0.9155985507726737,6075.09375,100.1
4k.jpg,1080p_webp_high,webp,1080,high,Broadband_WiFi,925.822265625,387.3323001898825,154.65972900390625,70.53309981711209,612.5251290109009,36.30757631340928,0.9803680740121289,6075.09375,95.9
4k.jpg,1080p_webp_high,webp,1080,high,4G_Mobile,925.822265625,387.3323001898825,773.2986450195312,70.53309981711209,1231.1640450265259,36.30757631340928,0.9803680740121289,6075.09375,95.9
4k.jpg,1080p_webp_high,webp,1080,high,IoT_Narrowband,925.822265625,387.3323001898825,14665.972900390625,70.53309981711209,15123.83830039762,36.30757631340928,0.9803680740121289,6075.09375,95.9
booktext.jpg,480p_jpg_fast,jpg,480,fast,Broadband_WiFi,15.642578125,2.000599866732955,12.44415283203125,1.4482999686151743,15.89305266737938,30.07841743043343,0.8893908123495192,900.09375,0.0
booktext.jpg,480p_jpg_fast,jpg,480,fast,4G_Mobile,15.642578125,2.000599866732955,62.22076416015626,1.4482999686151743,65.6696639955044,30.07841743043343,0.8893908123495192,900.09375,0.0
booktext.jpg,480p_jpg_fast,jpg,480,fast,IoT_Narrowband,15.642578125,2.000599866732955,444.415283203125,1.4482999686151743,447.86418303847313,30.07841743043343,0.8893908123495192,900.09375,0.0
booktext.jpg,480p_jpg_high,jpg,480,high,Broadband_WiFi,92.6376953125,2.772699808701873,24.474639892578125,2.391000045463443,29.63833974674344,41.49121505810227,0.9840910281512194,900.09375,0.0
booktext.jpg,480p_jpg_high,jpg,480,high,4G_Mobile,92.6376953125,2.772699808701873,122.37319946289062,2.391000045463443,127.53689931705594,41.49121505810227,0.9840910281512194,900.09375,0.0
booktext.jpg,480p_jpg_high,jpg,480,high,IoT_Narrowband,92.6376953125,2.772699808701873,1647.4639892578125,2.391000045463443,1652.6276891119778,41.49121505810227,0.9840910281512194,900.09375,0.0
booktext.jpg,480p_webp_fast,webp,480,fast,Broadband_WiFi,16.42578125,28.878299985080957,12.5665283203125,3.0781999230384827,44.52302822843194,34.28264879862209,0.9461967467999125,900.09375,97.7
booktext.jpg,480p_webp_fast,webp,480,fast,4G_Mobile,16.42578125,28.878299985080957,62.8326416015625,3.0781999230384827,94.78914150968194,34.28264879862209,0.9461967467999125,900.09375,97.7
booktext.jpg,480p_webp_fast,webp,480,fast,IoT_Narrowband,16.42578125,28.878299985080957,456.65283203125,3.0781999230384827,488.60933193936944,34.28264879862209,0.9461967467999125,900.09375,97.7
booktext.jpg,480p_webp_high,webp,480,high,Broadband_WiFi,44.62890625,47.11869987659156,16.973266601562504,4.238399909809232,68.33036638796331,40.59873209685283,0.9796430848860901,900.09375,99.7
booktext.jpg,480p_webp_high,webp,480,high,4G_Mobile,44.62890625,47.11869987659156,84.8663330078125,4.238399909809232,136.2234327942133,40.59873209685283,0.9796430848860901,900.09375,99.7
booktext.jpg,480p_webp_high,webp,480,high,IoT_Narrowband,44.62890625,47.11869987659156,897.32666015625,4.238399909809232,948.6837599426508,40.59873209685283,0.9796430848860901,900.09375,99.7
booktext.jpg,720p_jpg_fast,jpg,720,fast,Broadband_WiFi,35.98046875,3.3543999306857586,15.6219482421875,2.203800017014146,21.180148189887404,33.31238663273669,0.9353461943009251,2700.09375,0.0
booktext.jpg,720p_jpg_fast,jpg,720,fast,4G_Mobile,35.98046875,3.3543999306857586,78.1097412109375,2.203800017014146,83.6679411586374,33.31238663273669,0.9353461943009251,2700.09375,0.0
booktext.jpg,720p_jpg_fast,jpg,720,fast,IoT_Narrowband,35.98046875,3.3543999306857586,762.19482421875,2.203800017014146,767.7530241664499,33.31238663273669,0.9353461943009251,2700.09375,0.0
booktext.jpg,720p_jpg_high,jpg,720,high,Broadband_WiFi,211.5048828125,4.381100181490183,43.047637939453125,7.023099809885025,54.45183793082833,43.112320558349396,0.9869891286344855,2700.09375,0.0
booktext.jpg,720p_jpg_high,jpg,720,high,4G_Mobile,211.5048828125,4.381100181490183,215.2381896972656,7.023099809885025,226.6423896886408,43.112320558349396,0.9869891286344855,2700.09375,0.0
booktext.jpg,720p_jpg_high,jpg,720,high,IoT_Narrowband,211.5048828125,4.381100181490183,3504.7637939453125,7.023099809885025,3516.1679939366877,43.112320558349396,0.9869891286344855,2700.09375,0.0
booktext.jpg,720p_webp_fast,webp,720,fast,Broadband_WiFi,30.046875,82.7226999681443,14.69482421875,6.16479991003871,103.58232409693301,36.17957707940268,0.9619895637123378,2700.09375,83.1
booktext.jpg,720p_webp_fast,webp,720,fast,4G_Mobile,30.046875,82.7226999681443,73.47412109375001,6.16479991003871,162.361620971933,36.17957707940268,0.9619895637123378,2700.09375,83.1
booktext.jpg,720p_webp_fast,webp,720,fast,IoT_Narrowband,30.046875,82.7226999681443,669.482421875,6.16479991003871,758.369921753183,36.17957707940268,0.9619895637123378,2700.09375,83.1
booktext.jpg,720p_webp_high,webp,720,high,Broadband_WiFi,89.908203125,148.02270010113716,24.04815673828125,12.981799896806479,185.0526567362249,41.78506010878773,0.9816708211845219,2700.09375,111.6
booktext.jpg,720p_webp_high,webp,720,high,4G_Mobile,89.908203125,148.02270010113716,120.24078369140625,12.981799896806479,281.2452836893499,41.78506010878773,0.9816708211845219,2700.09375,111.6
booktext.jpg,720p_webp_high,webp,720,high,IoT_Narrowband,89.908203125,148.02270010113716,1604.815673828125,12.981799896806479,1765.8201738260686,41.78506010878773,0.9816708211845219,2700.09375,111.6
booktext.jpg,1080p_jpg_fast,jpg,1080,fast,Broadband_WiFi,66.5859375,9.388400008901954,20.404052734375,7.731199963018298,37.52365270629525,35.32543481624086,0.9516286886253451,6075.09375,0.0
booktext.jpg,1080p_jpg_fast,jpg,1080,fast,4G_Mobile,66.5859375,9.388400008901954,102.020263671875,7.731199963018298,119.13986364379525,35.32543481624086,0.9516286886253451,6075.09375,0.0
booktext.jpg,1080p_jpg_fast,jpg,1080,fast,IoT_Narrowband,66.5859375,9.388400008901954,1240.4052734375,7.731199963018298,1257.5248734094203,35.32543481624086,0.9516286886253451,6075.09375,0.0
booktext.jpg,1080p_jpg_high,jpg,1080,high,Broadband_WiFi,398.0732421875,14.839000068604946,72.19894409179688,33.9049999602139,120.94294412061572,44.82358800450089,0.9890934561761601,6075.09375,97.7
booktext.jpg,1080p_jpg_high,jpg,1080,high,4G_Mobile,398.0732421875,14.839000068604946,360.9947204589843,33.9049999602139,409.73872048780316,44.82358800450089,0.9890934561761601,6075.09375,97.7
booktext.jpg,1080p_jpg_high,jpg,1080,high,IoT_Narrowband,398.0732421875,14.839000068604946,6419.8944091796875,33.9049999602139,6468.638409208506,44.82358800450089,0.9890934561761601,6075.09375,97.7
booktext.jpg,1080p_webp_fast,webp,1080,fast,Broadband_WiFi,45.25390625,212.7378999721259,17.0709228515625,16.563700046390295,246.37252287007868,37.34028032547404,0.9678975564816831,6075.09375,99.9
booktext.jpg,1080p_webp_fast,webp,1080,fast,4G_Mobile,45.25390625,212.7378999721259,85.3546142578125,16.563700046390295,314.6562142763287,37.34028032547404,0.9678975564816831,6075.09375,99.9
booktext.jpg,1080p_webp_fast,webp,1080,fast,IoT_Narrowband,45.25390625,212.7378999721259,907.09228515625,16.563700046390295,1136.3938851747662,37.34028032547404,0.9678975564816831,6075.09375,99.9
booktext.jpg,1080p_webp_high,webp,1080,high,Broadband_WiFi,151.484375,227.7427997905761,33.66943359375,22.020500153303146,283.43273353762925,42.941773545204484,0.9832839732615688,6075.09375,99.7
booktext.jpg,1080p_webp_high,webp,1080,high,4G_Mobile,151.484375,227.7427997905761,168.34716796875,22.020500153303146,418.11046791262925,42.941773545204484,0.9832839732615688,6075.09375,99.7
booktext.jpg,1080p_webp_high,webp,1080,high,IoT_Narrowband,151.484375,227.7427997905761,2566.943359375,22.020500153303146,2816.7066593188792,42.941773545204484,0.9832839732615688,6075.09375,99.7
nighttown.jpg,480p_jpg_fast,jpg,480,fast,Broadband_WiFi,22.1162109375,2.207899931818247,13.455657958984375,2.687399974092841,18.350957864895463,23.093747027926476,0.751233518617937,900.09375,0.0
nighttown.jpg,480p_jpg_fast,jpg,480,fast,4G_Mobile,22.1162109375,2.207899931818247,67.27828979492188,2.687399974092841,72.17358970083296,23.093747027926476,0.751233518617937,900.09375,0.0
nighttown.jpg,480p_jpg_fast,jpg,480,fast,IoT_Narrowband,22.1162109375,2.207899931818247,545.5657958984375,2.687399974092841,550.4610958043486,23.093747027926476,0.751233518617937,900.09375,0.0
nighttown.jpg,480p_jpg_high,jpg,480,high,Broadband_WiFi,137.92578125,2.3556998930871487,31.550903320312496,3.0737000051885843,36.98030321858823,30.099862069409507,0.9562402117040504,900.09375,0.0
nighttown.jpg,480p_jpg_high,jpg,480,high,4G_Mobile,137.92578125,2.3556998930871487,157.7545166015625,3.0737000051885843,163.18391649983823,30.099862069409507,0.9562402117040504,900.09375,0.0
nighttown.jpg,480p_jpg_high,jpg,480,high,IoT_Narrowband,137.92578125,2.3556998930871487,2355.09033203125,3.0737000051885843,2360.5197319295257,30.099862069409507,0.9562402117040504,900.09375,0.0
nighttown.jpg,480p_webp_fast,webp,480,fast,Broadband_WiFi,32.787109375,40.80659989267588,15.12298583984375,3.866800107061863,59.79638583958149,27.108470676165123,0.9016006156210973,900.09375,66.5
nighttown.jpg,480p_webp_fast,webp,480,fast,4G_Mobile,32.787109375,40.80659989267588,75.61492919921875,3.866800107061863,120.28832919895649,27.108470676165123,0.9016006156210973,900.09375,66.5
nighttown.jpg,480p_webp_fast,webp,480,fast,IoT_Narrowband,32.787109375,40.80659989267588,712.298583984375,3.866800107061863,756.9719839841127,27.108470676165123,0.9016006156210973,900.09375,66.5
nighttown.jpg,480p_webp_high,webp,480,high,Broadband_WiFi,80.7734375,46.26360000111163,22.620849609375,8.73570004478097,77.6201496552676,29.91630266097545,0.9476804898063941,900.09375,99.7
nighttown.jpg,480p_webp_high,webp,480,high,4G_Mobile,80.7734375,46.26360000111163,113.10424804687501,8.73570004478097,168.10354809276762,29.91630266097545,0.9476804898063941,900.09375,99.7
nighttown.jpg,480p_webp_high,webp,480,high,IoT_Narrowband,80.7734375,46.26360000111163,1462.0849609375,8.73570004478097,1517.0842609833926,29.91630266097545,0.9476804898063941,900.09375,99.7
nighttown.jpg,720p_jpg_fast,jpg,720,fast,Broadband_WiFi,57.435546875,3.4580000210553408,18.97430419921875,3.831899957731366,26.264204178005457,24.428545353329277,0.768312493332779,2700.09375,0.0
nighttown.jpg,720p_jpg_fast,jpg,720,fast,4G_Mobile,57.435546875,3.4580000210553408,94.87152099609375,3.831899957731366,102.16142097488046,24.428545353329277,0.768312493332779,2700.09375,0.0
nighttown.jpg,720p_jpg_fast,jpg,720,fast,IoT_Narrowband,57.435546875,3.4580000210553408,1097.430419921875,3.831899957731366,1104.7203199006617,24.428545353329277,0.768312493332779,2700.09375,0.0
nighttown.jpg,720p_jpg_high,jpg,720,high,Broadband_WiFi,363.62890625,10.118399979546666,66.8170166015625,13.261500047519803,90.19691662862897,31.82147706761096,0.96285111546892,2700.09375,0.0
nighttown.jpg,720p_jpg_high,jpg,720,high,4G_Mobile,363.62890625,10.118399979546666,334.0850830078125,13.261500047519803,357.46498303487897,31.82147706761096,0.96285111546892,2700.09375,0.0
nighttown.jpg,720p_jpg_high,jpg,720,high,IoT_Narrowband,363.62890625,10.118399979546666,5881.70166015625,13.261500047519803,5905.0815601833165,31.82147706761096,0.96285111546892,2700.09375,0.0
nighttown.jpg,720p_webp_fast,webp,720,fast,Broadband_WiFi,82.02734375,113.88500011526048,22.816772460937504,12.243299977853894,148.94507255405188,28.40829528693625,0.9064199964730718,2700.09375,100.3
nighttown.jpg,720p_webp_fast,webp,720,fast,4G_Mobile,82.02734375,113.88500011526048,114.0838623046875,12.243299977853894,240.21216239780188,28.40829528693625,0.9064199964730718,2700.09375,100.3
nighttown.jpg,720p_webp_fast,webp,720,fast,IoT_Narrowband,82.02734375,113.88500011526048,1481.67724609375,12.243299977853894,1607.8055461868644,28.40829528693625,0.9064199964730718,2700.09375,100.3
nighttown.jpg,720p_webp_high,webp,720,high,Broadband_WiFi,208.9140625,130.58240013197064,42.64282226562501,21.71549992635846,194.9407223239541,31.633232963778806,0.9544190706658799,2700.09375,100.0
nighttown.jpg,720p_webp_high,webp,720,high,4G_Mobile,208.9140625,130.58240013197064,213.214111328125,21.71549992635846,365.5120113864541,31.633232963778806,0.9544190706658799,2700.09375,100.0
nighttown.jpg,720p_webp_high,webp,720,high,IoT_Narrowband,208.9140625,130.58240013197064,3464.2822265625,21.71549992635846,3616.580126620829,31.633232963778806,0.9544190706658799,2700.09375,100.0
nighttown.jpg,1080p_jpg_fast,jpg,1080,fast,Broadband_WiFi,116.7265625,6.7946999333798885,28.238525390624996,6.79620006121695,41.82942538522184,25.61638118646095,0.7852275468353699,6075.09375,0.0
nighttown.jpg,1080p_jpg_fast,jpg,1080,fast,4G_Mobile,116.7265625,6.7946999333798885,141.192626953125,6.79620006121695,154.78352694772184,25.61638118646095,0.7852275468353699,6075.09375,0.0
nighttown.jpg,1080p_jpg_fast,jpg,1080,fast,IoT_Narrowband,116.7265625,6.7946999333798885,2023.8525390625002,6.79620006121695,2037.443439057097,25.61638118646095,0.7852275468353699,6075.09375,0.0
nighttown.jpg,1080p_jpg_high,jpg,1080,high,Broadband_WiFi,734.109375,18.33599992096424,124.70458984374999,28.566200053319335,171.60678981803358,33.80932686043249,0.9704798678759946,6075.09375,48.8
nighttown.jpg,1080p_jpg_high,jpg,1080,high,4G_Mobile,734.109375,18.33599992096424,623.5229492187501,28.566200053319335,670.4251491930337,33.80932686043249,0.9704798678759946,6075.09375,48.8
nighttown.jpg,1080p_jpg_high,jpg,1080,high,IoT_Narrowband,734.109375,18.33599992096424,11670.458984375,28.566200053319335,11717.361184349284,33.80932686043249,0.9704798678759946,6075.09375,48.8
nighttown.jpg,1080p_webp_fast,webp,1080,fast,Broadband_WiFi,155.78125,231.2614000402391,34.3408203125,23.530200123786926,289.132420476526,29.611390311934862,0.9127925749987239,6075.09375,100.2
nighttown.jpg,1080p_webp_fast,webp,1080,fast,4G_Mobile,155.78125,231.2614000402391,171.7041015625,23.530200123786926,426.495701726526,29.611390311934862,0.9127925749987239,6075.09375,100.2
nighttown.jpg,1080p_webp_fast,webp,1080,fast,IoT_Narrowband,155.78125,231.2614000402391,2634.08203125,23.530200123786926,2888.873631414026,29.611390311934862,0.9127925749987239,6075.09375,100.2
nighttown.jpg,1080p_webp_high,webp,1080,high,Broadband_WiFi,414.384765625,281.1382000800222,74.74761962890625,40.07930005900562,395.9651197679341,33.585903217477316,0.9619390205530408,6075.09375,88.7
nighttown.jpg,1080p_webp_high,webp,1080,high,4G_Mobile,414.384765625,281.1382000800222,373.73809814453125,40.07930005900562,694.9555982835591,33.585903217477316,0.9619390205530408,6075.09375,88.7
nighttown.jpg,1080p_webp_high,webp,1080,high,IoT_Narrowband,414.384765625,281.1382000800222,6674.761962890625,40.07930005900562,6995.979463029653,33.585903217477316,0.9619390205530408,6075.09375,88.7
portrait.jpg,480p_jpg_fast,jpg,480,fast,Broadband_WiFi,23.046875,2.1714000031352043,13.60107421875,2.160400152206421,17.93287437409163,27.26477365220239,0.8087071434297517,900.09375,0.0
portrait.jpg,480p_jpg_fast,jpg,480,fast,4G_Mobile,23.046875,2.1714000031352043,68.00537109375,2.160400152206421,72.33717124909163,27.26477365220239,0.8087071434297517,900.09375,0.0
portrait.jpg,480p_jpg_fast,jpg,480,fast,IoT_Narrowband,23.046875,2.1714000031352043,560.107421875,2.160400152206421,564.4392220303416,27.26477365220239,0.8087071434297517,900.09375,0.0
portrait.jpg,480p_jpg_high,jpg,480,high,Broadband_WiFi,165.0390625,3.5001998767256737,35.787353515625,4.007299896329641,43.294853288680315,37.48122982322593,0.9699539625611253,900.09375,0.0
portrait.jpg,480p_jpg_high,jpg,480,high,4G_Mobile,165.0390625,3.5001998767256737,178.936767578125,4.007299896329641,186.44426735118032,37.48122982322593,0.9699539625611253,900.09375,0.0
portrait.jpg,480p_jpg_high,jpg,480,high,IoT_Narrowband,165.0390625,3.5001998767256737,2778.7353515625,4.007299896329641,2786.2428513355553,37.48122982322593,0.9699539625611253,900.09375,0.0
portrait.jpg,480p_webp_fast,webp,480,fast,Broadband_WiFi,33.376953125,39.60900008678436,15.21514892578125,4.525500116869807,59.34964912943542,30.09666044189106,0.8836590519816081,900.09375,151.2
portrait.jpg,480p_webp_fast,webp,480,fast,4G_Mobile,33.376953125,39.60900008678436,76.07574462890626,4.525500116869807,120.21024483256043,30.09666044189106,0.8836590519816081,900.09375,151.2
portrait.jpg,480p_webp_fast,webp,480,fast,IoT_Narrowband,33.376953125,39.60900008678436,721.514892578125,4.525500116869807,765.6493927817792,30.09666044189106,0.8836590519816081,900.09375,151.2
portrait.jpg,480p_webp_high,webp,480,high,Broadband_WiFi,109.826171875,50.187200075015426,27.16033935546875,7.934099994599819,85.281639425084,37.026558350452596,0.9691662201884181,900.09375,99.7
portrait.jpg,480p_webp_high,webp,480,high,4G_Mobile,109.826171875,50.187200075015426,135.80169677734378,7.934099994599819,193.92299684695902,37.026558350452596,0.9691662201884181,900.09375,99.7
portrait.jpg,480p_webp_high,webp,480,high,IoT_Narrowband,109.826171875,50.187200075015426,1916.033935546875,7.934099994599819,1974.1552356164902,37.026558350452596,0.9691662201884181,900.09375,99.7
portrait.jpg,720p_jpg_fast,jpg,720,fast,Broadband_WiFi,56.4326171875,3.913799999281764,18.817596435546875,2.3017001803964376,25.033096615225077,29.27836690544503,0.8326081979631698,2700.09375,0.0
portrait.jpg,720p_jpg_fast,jpg,720,fast,4G_Mobile,56.4326171875,3.913799999281764,94.08798217773438,2.3017001803964376,100.30348235741258,29.27836690544503,0.8326081979631698,2700.09375,0.0
portrait.jpg,720p_jpg_fast,jpg,720,fast,IoT_Narrowband,56.4326171875,3.913799999281764,1081.7596435546875,2.3017001803964376,1087.9751437343657,29.27836690544503,0.8326081979631698,2700.09375,0.0
portrait.jpg,720p_jpg_high,jpg,720,high,Broadband_WiFi,414.7333984375,5.388299934566021,74.80209350585938,7.583800004795194,87.77419344522059,39.692456201726685,0.9747433746674005,2700.09375,0.0
portrait.jpg,720p_jpg_high,jpg,720,high,4G_Mobile,414.7333984375,5.388299934566021,374.0104675292968,7.583800004795194,386.98256746865803,39.692456201726685,0.9747433746674005,2700.09375,0.0
portrait.jpg,720p_jpg_high,jpg,720,high,IoT_Narrowband,414.7333984375,5.388299934566021,6680.2093505859375,7.583800004795194,6693.181450525299,39.692456201726685,0.9747433746674005,2700.09375,0.0
portrait.jpg,720p_webp_fast,webp,720,fast,Broadband_WiFi,71.16796875,144.03219986706972,21.1199951171875,13.03680008277297,178.18899506703016,31.783310778229698,0.8865395771439429,2700.09375,88.7
portrait.jpg,720p_webp_fast,webp,720,fast,4G_Mobile,71.16796875,144.03219986706972,105.5999755859375,13.03680008277297,262.6689755357802,31.783310778229698,0.8865395771439429,2700.09375,88.7
portrait.jpg,720p_webp_fast,webp,720,fast,IoT_Narrowband,71.16796875,144.03219986706972,1311.99951171875,13.03680008277297,1469.0685116685927,31.783310778229698,0.8865395771439429,2700.09375,88.7
portrait.jpg,720p_webp_high,webp,720,high,Broadband_WiFi,252.3515625,169.58280000835657,49.429931640625,22.39910000935197,241.41183165833354,38.74763384837228,0.9703791324140244,2700.09375,90.8
portrait.jpg,720p_webp_high,webp,720,high,4G_Mobile,252.3515625,169.58280000835657,247.149658203125,22.39910000935197,439.13155822083354,38.74763384837228,0.9703791324140244,2700.09375,90.8
portrait.jpg,720p_webp_high,webp,720,high,IoT_Narrowband,252.3515625,169.58280000835657,4142.9931640625,22.39910000935197,4334.9750640802085,38.74763384837228,0.9703791324140244,2700.09375,90.8
portrait.jpg,1080p_jpg_fast,jpg,1080,fast,Broadband_WiFi,108.9111328125,6.659200182184577,27.01736450195313,8.629599818959832,42.306164503097534,30.966346223796574,0.853154010283736,6075.09375,0.0
portrait.jpg,1080p_jpg_fast,jpg,1080,fast,4G_Mobile,108.9111328125,6.659200182184577,135.08682250976562,8.629599818959832,150.37562251091003,30.966346223796574,0.853154010283736,6075.09375,0.0
portrait.jpg,1080p_jpg_fast,jpg,1080,fast,IoT_Narrowband,108.9111328125,6.659200182184577,1901.7364501953125,8.629599818959832,1917.025250196457,30.966346223796574,0.853154010283736,6075.09375,0.0
portrait.jpg,1080p_jpg_high,jpg,1080,high,Broadband_WiFi,791.0439453125,10.116400197148323,133.60061645507812,15.754899941384792,159.47191659361124,41.67164892834726,0.9800080724760227,6075.09375,0.0
portrait.jpg,1080p_jpg_high,jpg,1080,high,4G_Mobile,791.0439453125,10.116400197148323,668.0030822753906,15.754899941384792,693.8743824139237,41.67164892834726,0.9800080724760227,6075.09375,0.0
portrait.jpg,1080p_jpg_high,jpg,1080,high,IoT_Narrowband,791.0439453125,10.116400197148323,12560.061645507812,15.754899941384792,12585.932945646346,41.67164892834726,0.9800080724760227,6075.09375,0.0
portrait.jpg,1080p_webp_fast,webp,1080,fast,Broadband_WiFi,121.3671875,242.21260007470846,28.963623046874996,21.5574000030756,292.73362312465906,33.17946514168766,0.8954827453934162,6075.09375,93.1
portrait.jpg,1080p_webp_fast,webp,1080,fast,4G_Mobile,121.3671875,242.21260007470846,144.818115234375,21.5574000030756,408.58811531215906,33.17946514168766,0.8954827453934162,6075.09375,93.1
portrait.jpg,1080p_webp_fast,webp,1080,fast,IoT_Narrowband,121.3671875,242.21260007470846,2096.3623046875,21.5574000030756,2360.132304765284,33.17946514168766,0.8954827453934162,6075.09375,93.1
portrait.jpg,1080p_webp_high,webp,1080,high,Broadband_WiFi,455.58984375,312.66719987615943,81.18591308593749,43.75319997780025,437.6063129398972,40.174217918615625,0.9733430350938747,6075.09375,99.8
portrait.jpg,1080p_webp_high,webp,1080,high,4G_Mobile,455.58984375,312.66719987615943,405.9295654296875,43.75319997780025,762.3499652836472,40.174217918615625,0.9733430350938747,6075.09375,99.8
portrait.jpg,1080p_webp_high,webp,1080,high,IoT_Narrowband,455.58984375,312.66719987615943,7318.59130859375,43.75319997780025,7675.01170844771,40.174217918615625,0.9733430350938747,6075.09375,99.8
sunset.jpg,480p_jpg_fast,jpg,480,fast,Broadband_WiFi,5.8857421875,1.7991999629884958,10.919647216796875,2.0541001576930285,14.7729473374784,38.767896418221135,0.953521124636649,900.09375,0.0
sunset.jpg,480p_jpg_fast,jpg,480,fast,4G_Mobile,5.8857421875,1.7991999629884958,54.598236083984375,2.0541001576930285,58.4515362046659,38.767896418221135,0.953521124636649,900.09375,0.0
sunset.jpg,480p_jpg_fast,jpg,480,fast,IoT_Narrowband,5.8857421875,1.7991999629884958,291.9647216796875,2.0541001576930285,295.818021800369,38.767896418221135,0.953521124636649,900.09375,0.0
sunset.jpg,480p_jpg_high,jpg,480,high,Broadband_WiFi,28.5224609375,1.7639000434428453,14.456634521484377,2.6914000045508146,18.911934569478035,49.4804505249664,0.9887971067749909,900.09375,0.0
sunset.jpg,480p_jpg_high,jpg,480,high,4G_Mobile,28.5224609375,1.7639000434428453,72.28317260742188,2.6914000045508146,76.73847265541553,49.4804505249664,0.9887971067749909,900.09375,0.0
sunset.jpg,480p_jpg_high,jpg,480,high,IoT_Narrowband,28.5224609375,1.7639000434428453,645.6634521484375,2.6914000045508146,650.1187521964312,49.4804505249664,0.9887971067749909,900.09375,0.0
sunset.jpg,480p_webp_fast,webp,480,fast,Broadband_WiFi,1.77734375,20.32010001130402,10.277709960937502,1.3727000914514065,31.970510063692927,43.54768978233973,0.9772396379181293,900.09375,97.7
sunset.jpg,480p_webp_fast,webp,480,fast,4G_Mobile,1.77734375,20.32010001130402,51.3885498046875,1.3727000914514065,73.08134990744293,43.54768978233973,0.9772396379181293,900.09375,97.7
sunset.jpg,480p_webp_fast,webp,480,fast,IoT_Narrowband,1.77734375,20.32010001130402,227.77099609375,1.3727000914514065,249.46379619650543,43.54768978233973,0.9772396379181293,900.09375,97.7
sunset.jpg,480p_webp_high,webp,480,high,Broadband_WiFi,4.876953125,25.955300079658628,10.76202392578125,2.449600026011467,39.166924031451344,46.68749103870426,0.9831506121774121,900.09375,50.4
sunset.jpg,480p_webp_high,webp,480,high,4G_Mobile,4.876953125,25.955300079658628,53.81011962890625,2.449600026011467,82.21501973457634,46.68749103870426,0.9831506121774121,900.09375,50.4
sunset.jpg,480p_webp_high,webp,480,high,IoT_Narrowband,4.876953125,25.955300079658628,276.202392578125,2.449600026011467,304.6072926837951,46.68749103870426,0.9831506121774121,900.09375,50.4
sunset.jpg,720p_jpg_fast,jpg,720,fast,Broadband_WiFi,15.6923828125,2.635600045323372,12.451934814453125,2.2762001026421785,17.363734962418675,39.068746076497085,0.9647639731618042,2700.09375,0.0
sunset.jpg,720p_jpg_fast,jpg,720,fast,4G_Mobile,15.6923828125,2.635600045323372,62.259674072265625,2.2762001026421785,67.17147422023118,39.068746076497085,0.9647639731618042,2700.09375,0.0
sunset.jpg,720p_jpg_fast,jpg,720,fast,IoT_Narrowband,15.6923828125,2.635600045323372,445.1934814453125,2.2762001026421785,450.10528159327805,39.068746076497085,0.9647639731618042,2700.09375,0.0
sunset.jpg,720p_jpg_high,jpg,720,high,Broadband_WiFi,80.0185546875,4.034999990835786,22.502899169921875,5.36060007289052,31.89849923364818,50.24238705675259,0.9906049250233763,2700.09375,0.0
sunset.jpg,720p_jpg_high,jpg,720,high,4G_Mobile,80.0185546875,4.034999990835786,112.51449584960938,5.36060007289052,121.91009591333568,50.24238705675259,0.9906049250233763,2700.09375,0.0
sunset.jpg,720p_jpg_high,jpg,720,high,IoT_Narrowband,80.0185546875,4.034999990835786,1450.2899169921875,5.36060007289052,1459.6855170559138,50.24238705675259,0.9906049250233763,2700.09375,0.0
sunset.jpg,720p_webp_fast,webp,720,fast,Broadband_WiFi,4.15234375,72.9624000377953,10.6488037109375,4.086199915036559,87.69740366376936,44.20394791279883,0.9810355467135209,2700.09375,100.2
sunset.jpg,720p_webp_fast,webp,720,fast,4G_Mobile,4.15234375,72.9624000377953,53.2440185546875,4.086199915036559,130.29261850751936,44.20394791279883,0.9810355467135209,2700.09375,100.2
sunset.jpg,720p_webp_fast,webp,720,fast,IoT_Narrowband,4.15234375,72.9624000377953,264.88037109375,4.086199915036559,341.92897104658186,44.20394791279883,0.9810355467135209,2700.09375,100.2
sunset.jpg,720p_webp_high,webp,720,high,Broadband_WiFi,12.41015625,78.6272999830544,11.9390869140625,6.817699875682592,97.3840867727995,47.221174626273225,0.9857815503431699,2700.09375,100.2
sunset.jpg,720p_webp_high,webp,720,high,4G_Mobile,12.41015625,78.6272999830544,59.69543457031251,6.817699875682592,145.1404344290495,47.221174626273225,0.9857815503431699,2700.09375,100.2
sunset.jpg,720p_webp_high,webp,720,high,IoT_Narrowband,12.41015625,78.6272999830544,393.90869140625,6.817699875682592,479.353691264987,47.221174626273225,0.9857815503431699,2700.09375,100.2
sunset.jpg,1080p_jpg_fast,jpg,1080,fast,Broadband_WiFi,33.8583984375,5.95770007930696,15.290374755859373,7.453500060364604,28.70157489553094,39.27119760345503,0.9729526731934834,6075.09375,0.0
sunset.jpg,1080p_jpg_fast,jpg,1080,fast,4G_Mobile,33.8583984375,5.95770007930696,76.45187377929688,7.453500060364604,89.86307391896844,39.27119760345503,0.9729526731934834,6075.09375,0.0
sunset.jpg,1080p_jpg_fast,jpg,1080,fast,IoT_Narrowband,33.8583984375,5.95770007930696,729.0374755859375,7.453500060364604,742.4486757256091,39.27119760345503,0.9729526731934834,6075.09375,0.0
sunset.jpg,1080p_jpg_high,jpg,1080,high,Broadband_WiFi,175.2685546875,7.555000018328428,37.385711669921875,7.677300134673715,52.61801182292402,51.22104923949464,0.9924962607944611,6075.09375,0.0
sunset.jpg,1080p_jpg_high,jpg,1080,high,4G_Mobile,175.2685546875,7.555000018328428,186.92855834960938,7.677300134673715,202.16085850261152,51.22104923949464,0.9924962607944611,6075.09375,0.0
sunset.jpg,1080p_jpg_high,jpg,1080,high,IoT_Narrowband,175.2685546875,7.555000018328428,2938.5711669921875,7.677300134673715,2953.8034671451896,51.22104923949464,0.9924962607944611,6075.09375,0.0
sunset.jpg,1080p_webp_fast,webp,1080,fast,Broadband_WiFi,7.642578125,170.31010007485747,11.19415283203125,9.976800065487623,191.48105297237635,44.88943115006245,0.9842082535499844,6075.09375,81.8
sunset.jpg,1080p_webp_fast,webp,1080,fast,4G_Mobile,7.642578125,170.31010007485747,55.97076416015626,9.976800065487623,236.25766430050135,44.88943115006245,0.9842082535499844,6075.09375,81.8
sunset.jpg,1080p_webp_fast,webp,1080,fast,IoT_Narrowband,7.642578125,170.31010007485747,319.415283203125,9.976800065487623,499.7021833434701,44.88943115006245,0.9842082535499844,6075.09375,81.8
sunset.jpg,1080p_webp_high,webp,1080,high,Broadband_WiFi,22.7265625,203.80460005253553,13.551025390625,13.367699924856424,230.72332536801696,47.654605087237755,0.9880131822273115,6075.09375,84.7
sunset.jpg,1080p_webp_high,webp,1080,high,4G_Mobile,22.7265625,203.80460005253553,67.755126953125,13.367699924856424,284.92742693051696,47.654605087237755,0.9880131822273115,6075.09375,84.7
sunset.jpg,1080p_webp_high,webp,1080,high,IoT_Narrowband,22.7265625,203.80460005253553,555.1025390625,13.367699924856424,772.274839039892,47.654605087237755,0.9880131822273115,6075.09375,84.7
thickgrass.jpg,480p_jpg_fast,jpg,480,fast,Broadband_WiFi,15.1611328125,2.0761999767273664,12.368927001953125,1.8851000349968672,16.330227013677362,29.644825005129114,0.8207487688819457,900.09375,0.0
thickgrass.jpg,480p_jpg_fast,jpg,480,fast,4G_Mobile,15.1611328125,2.0761999767273664,61.844635009765625,1.8851000349968672,65.80593502148986,29.644825005129114,0.8207487688819457,900.09375,0.0
thickgrass.jpg,480p_jpg_fast,jpg,480,fast,IoT_Narrowband,15.1611328125,2.0761999767273664,436.8927001953125,1.8851000349968672,440.85400020703673,29.644825005129114,0.8207487688819457,900.09375,0.0
thickgrass.jpg,480p_jpg_high,jpg,480,high,Broadband_WiFi,89.0673828125,2.6412000879645348,23.91677856445312,2.8943000361323357,29.452278688549992,37.82469088633019,0.9617499097898565,900.09375,0.0
thickgrass.jpg,480p_jpg_high,jpg,480,high,4G_Mobile,89.0673828125,2.6412000879645348,119.58389282226562,2.8943000361323357,125.11939294636248,37.82469088633019,0.9617499097898565,900.09375,0.0
thickgrass.jpg,480p_jpg_high,jpg,480,high,IoT_Narrowband,89.0673828125,2.6412000879645348,1591.6778564453125,2.8943000361323357,1597.2133565694094,37.82469088633019,0.9617499097898565,900.09375,0.0
thickgrass.jpg,480p_webp_fast,webp,480,fast,Broadband_WiFi,13.751953125,32.13399997912347,12.148742675781252,2.9768000822514296,47.25954273715616,32.34692273627145,0.8922760399099895,900.09375,100.8
thickgrass.jpg,480p_webp_fast,webp,480,fast,4G_Mobile,13.751953125,32.13399997912347,60.74371337890625,2.9768000822514296,95.85451344028115,32.34692273627145,0.8922760399099895,900.09375,100.8
thickgrass.jpg,480p_webp_fast,webp,480,fast,IoT_Narrowband,13.751953125,32.13399997912347,414.874267578125,2.9768000822514296,449.9850676394999,32.34692273627145,0.8922760399099895,900.09375,100.8
thickgrass.jpg,480p_webp_high,webp,480,high,Broadband_WiFi,43.001953125,37.9491001367569,16.71905517578125,5.869399989023805,60.53755530156195,37.00965819972335,0.9526203351162228,900.09375,99.7
thickgrass.jpg,480p_webp_high,webp,480,high,4G_Mobile,43.001953125,37.9491001367569,83.59527587890625,5.869399989023805,127.41377600468695,37.00965819972335,0.9526203351162228,900.09375,99.7
thickgrass.jpg,480p_webp_high,webp,480,high,IoT_Narrowband,43.001953125,37.9491001367569,871.905517578125,5.869399989023805,915.7240177039057,37.00965819972335,0.9526203351162228,900.09375,99.7
thickgrass.jpg,720p_jpg_fast,jpg,720,fast,Broadband_WiFi,33.201171875,4.1461000218987465,15.18768310546875,2.083099912852049,21.41688304021955,32.36081040434862,0.8673556293799892,2700.09375,0.0
thickgrass.jpg,720p_jpg_fast,jpg,720,fast,4G_Mobile,33.201171875,4.1461000218987465,75.93841552734376,2.083099912852049,82.16761546209456,32.36081040434862,0.8673556293799892,2700.09375,0.0
thickgrass.jpg,720p_jpg_fast,jpg,720,fast,IoT_Narrowband,33.201171875,4.1461000218987465,718.768310546875,2.083099912852049,724.9975104816258,32.36081040434862,0.8673556293799892,2700.09375,0.0
thickgrass.jpg,720p_jpg_high,jpg,720,high,Broadband_WiFi,195.6552734375,4.753499990329146,40.571136474609375,4.259000066667795,49.58363653160632,42.39197443779677,0.9779785589826785,2700.09375,0.0
thickgrass.jpg,720p_jpg_high,jpg,720,high,4G_Mobile,195.6552734375,4.753499990329146,202.85568237304685,4.259000066667795,211.8681824300438,42.39197443779677,0.9779785589826785,2700.09375,0.0
thickgrass.jpg,720p_jpg_high,jpg,720,high,IoT_Narrowband,195.6552734375,4.753499990329146,3257.1136474609375,4.259000066667795,3266.1261475179344,42.39197443779677,0.9779785589826785,2700.09375,0.0
thickgrass.jpg,720p_webp_fast,webp,720,fast,Broadband_WiFi,25.7890625,83.79770000465214,14.029541015625,8.326600072905421,106.15384109318258,35.125537758904855,0.9239388432866558,2700.09375,83.1
thickgrass.jpg,720p_webp_fast,webp,720,fast,4G_Mobile,25.7890625,83.79770000465214,70.14770507812501,8.326600072905421,162.27200515568256,35.125537758904855,0.9239388432866558,2700.09375,83.1
thickgrass.jpg,720p_webp_fast,webp,720,fast,IoT_Narrowband,25.7890625,83.79770000465214,602.9541015625,8.326600072905421,695.0784016400576,35.125537758904855,0.9239388432866558,2700.09375,83.1
thickgrass.jpg,720p_webp_high,webp,720,high,Broadband_WiFi,80.85546875,124.34750003740191,22.633666992187504,12.486300198361278,159.4674672279507,40.63654374956216,0.9674177914172232,2700.09375,87.5
thickgrass.jpg,720p_webp_high,webp,720,high,4G_Mobile,80.85546875,124.34750003740191,113.1683349609375,12.486300198361278,250.00213519670066,40.63654374956216,0.9674177914172232,2700.09375,87.5
thickgrass.jpg,720p_webp_high,webp,720,high,IoT_Narrowband,80.85546875,124.34750003740191,1463.36669921875,12.486300198361278,1600.2004994545132,40.63654374956216,0.9674177914172232,2700.09375,87.5
thickgrass.jpg,1080p_jpg_fast,jpg,1080,fast,Broadband_WiFi,62.0107421875,5.498399958014488,19.689178466796875,32.41660003550351,57.60417846031487,34.02994674771092,0.8934950800366449,6075.09375,0.0
thickgrass.jpg,1080p_jpg_fast,jpg,1080,fast,4G_Mobile,62.0107421875,5.498399958014488,98.44589233398438,32.41660003550351,136.36089232750237,34.02994674771092,0.8934950800366449,6075.09375,0.0
thickgrass.jpg,1080p_jpg_fast,jpg,1080,fast,IoT_Narrowband,62.0107421875,5.498399958014488,1168.9178466796875,32.41660003550351,1206.8328466732055,34.02994674771092,0.8934950800366449,6075.09375,0.0
thickgrass.jpg,1080p_jpg_high,jpg,1080,high,Broadband_WiFi,353.619140625,6.846100091934204,65.25299072265625,11.99649996124208,84.09559077583253,45.25105571660159,0.9848514717062233,6075.09375,0.0
thickgrass.jpg,1080p_jpg_high,jpg,1080,high,4G_Mobile,353.619140625,6.846100091934204,326.26495361328125,11.99649996124208,345.10755366645753,45.25105571660159,0.9848514717062233,6075.09375,0.0
thickgrass.jpg,1080p_jpg_high,jpg,1080,high,IoT_Narrowband,353.619140625,6.846100091934204,5725.299072265625,11.99649996124208,5744.141672318801,45.25105571660159,0.9848514717062233,6075.09375,0.0
thickgrass.jpg,1080p_webp_fast,webp,1080,fast,Broadband_WiFi,42.87890625,191.74810010008514,16.6998291015625,14.809099957346916,223.25702915899456,37.02053568829115,0.9426033917368248,6075.09375,91.4
thickgrass.jpg,1080p_webp_fast,webp,1080,fast,4G_Mobile,42.87890625,191.74810010008514,83.49914550781251,14.809099957346916,290.05634556524456,37.02053568829115,0.9426033917368248,6075.09375,91.4
thickgrass.jpg,1080p_webp_fast,webp,1080,fast,IoT_Narrowband,42.87890625,191.74810010008514,869.98291015625,14.809099957346916,1076.540110213682,37.02053568829115,0.9426033917368248,6075.09375,91.4
thickgrass.jpg,1080p_webp_high,webp,1080,high,Broadband_WiFi,136.205078125,242.43909982033074,31.28204345703125,21.888600196689367,295.60974347405136,42.80508025918857,0.9750308354571272,6075.09375,93.8
thickgrass.jpg,1080p_webp_high,webp,1080,high,4G_Mobile,136.205078125,242.43909982033074,156.41021728515625,21.888600196689367,420.73791730217636,42.80508025918857,0.9750308354571272,6075.09375,93.8
thickgrass.jpg,1080p_webp_high,webp,1080,high,IoT_Narrowband,136.205078125,242.43909982033074,2328.204345703125,21.888600196689367,2592.532045720145,42.80508025918857,0.9750308354571272,6075.09375,93.8
